"cohort_date","Country","cohort_size","retained_users_d1","d1_retention_percentage","retained_users_d3","d3_retention_percentage","retained_users_d7","d7_retention_percentage"
"2022-12-26","Botswana","1","1","100.00000","0","0.00000","0","0.00000"
"2022-12-19","Botswana","1","0","0.00000","0","0.00000","0","0.00000"
"2022-12-13","Botswana","1","1","100.00000","0","0.00000","0","0.00000"
"2022-12-11","Botswana","1","1","100.00000","0","0.00000","0","0.00000"
"2022-12-10","Botswana","1","1","100.00000","0","0.00000","0","0.00000"
"2022-12-03","Botswana","1","1","100.00000","0","0.00000","0","0.00000"
"2022-11-18","Botswana","1","0","0.00000","0","0.00000","0","0.00000"
"2022-11-10","Botswana","1","1","100.00000","1","100.00000","0","0.00000"
"2022-11-09","Botswana","1","1","100.00000","1","100.00000","1","100.00000"
"2022-11-08","Botswana","2","1","50.00000","0","0.00000","0","0.00000"
"2022-11-07","Botswana","2","2","100.00000","0","0.00000","0","0.00000"
"2022-10-31","Botswana","1","1","100.00000","1","100.00000","0","0.00000"
"2022-10-30","Botswana","1","1","100.00000","0","0.00000","0","0.00000"
"2022-10-28","Botswana","1","0","0.00000","0","0.00000","0","0.00000"
"2022-10-26","Botswana","1","1","100.00000","1","100.00000","0","0.00000"
"2022-10-18","Botswana","1","0","0.00000","0","0.00000","0","0.00000"
"2022-10-17","Botswana","1","1","100.00000","0","0.00000","0","0.00000"
"2022-10-10","Botswana","1","0","0.00000","0","0.00000","0","0.00000"
"2022-10-09","Botswana","1","0","0.00000","0","0.00000","0","0.00000"
"2022-10-08","Botswana","1","1","100.00000","0","0.00000","0","0.00000"
"2022-10-02","Botswana","2","2","100.00000","0","0.00000","0","0.00000"
"2022-10-01","Botswana","3","2","66.66667","1","33.33333","0","0.00000"
"2022-09-30","Botswana","2","1","50.00000","1","50.00000","0","0.00000"
"2022-09-27","Botswana","2","2","100.00000","0","0.00000","0","0.00000"
"2022-09-26","Botswana","1","1","100.00000","0","0.00000","0","0.00000"
"2022-09-25","Botswana","1","0","0.00000","0","0.00000","0","0.00000"
"2022-09-23","Botswana","1","1","100.00000","0","0.00000","0","0.00000"
"2022-09-19","Botswana","1","0","0.00000","0","0.00000","0","0.00000"
"2022-09-16","Botswana","1","1","100.00000","0","0.00000","0","0.00000"
"2022-09-09","Botswana","1","1","100.00000","0","0.00000","0","0.00000"
"2022-09-08","Botswana","1","0","0.00000","0","0.00000","0","0.00000"
"2022-09-04","Botswana","2","1","50.00000","0","0.00000","0","0.00000"
"2022-08-31","Botswana","1","1","100.00000","1","100.00000","0","0.00000"
"2022-08-30","Botswana","1","0","0.00000","0","0.00000","0","0.00000"
"2022-08-29","Botswana","1","1","100.00000","0","0.00000","0","0.00000"
"2022-08-27","Botswana","1","1","100.00000","1","100.00000","1","100.00000"
"2022-08-25","Botswana","1","1","100.00000","1","100.00000","0","0.00000"
"2022-08-17","Botswana","1","1","100.00000","1","100.00000","0","0.00000"
"2022-08-16","Botswana","1","1","100.00000","1","100.00000","0","0.00000"
"2022-08-10","Botswana","1","1","100.00000","1","100.00000","0","0.00000"
"2022-08-04","Botswana","1","0","0.00000","0","0.00000","0","0.00000"
"2022-08-02","Botswana","1","1","100.00000","0","0.00000","0","0.00000"
"2022-08-01","Botswana","1","1","100.00000","0","0.00000","0","0.00000"
"2022-07-31","Botswana","3","1","33.33333","0","0.00000","0","0.00000"
"2022-07-30","Botswana","1","1","100.00000","0","0.00000","0","0.00000"
"2022-07-29","Botswana","1","1","100.00000","1","100.00000","0","0.00000"
"2022-07-28","Botswana","1","1","100.00000","1","100.00000","0","0.00000"
"2022-07-27","Botswana","1","0","0.00000","0","0.00000","0","0.00000"
"2022-07-26","Botswana","1","0","0.00000","0","0.00000","0","0.00000"
"2022-07-18","Botswana","1","0","0.00000","0","0.00000","0","0.00000"
"2022-07-15","Botswana","1","0","0.00000","0","0.00000","0","0.00000"
"2022-07-10","Botswana","1","1","100.00000","0","0.00000","0","0.00000"
"2022-07-09","Botswana","2","1","50.00000","0","0.00000","0","0.00000"
"2022-07-06","Botswana","2","1","50.00000","1","50.00000","0","0.00000"
"2022-07-05","Botswana","1","0","0.00000","0","0.00000","0","0.00000"
"2022-07-04","Botswana","1","1","100.00000","1","100.00000","1","100.00000"
"2022-07-03","Botswana","2","2","100.00000","0","0.00000","0","0.00000"
"2022-06-26","Botswana","1","0","0.00000","0","0.00000","0","0.00000"
"2022-06-24","Botswana","1","1","100.00000","0","0.00000","0","0.00000"
"2022-06-23","Botswana","1","1","100.00000","1","100.00000","0","0.00000"
"2022-06-20","Botswana","2","2","100.00000","0","0.00000","0","0.00000"
"2022-06-17","Botswana","1","0","0.00000","0","0.00000","0","0.00000"
"2022-06-15","Botswana","1","1","100.00000","1","100.00000","0","0.00000"
"2022-06-14","Botswana","1","1","100.00000","1","100.00000","0","0.00000"
"2022-06-12","Botswana","1","0","0.00000","0","0.00000","0","0.00000"
"2022-06-11","Botswana","1","1","100.00000","0","0.00000","0","0.00000"
"2022-06-07","Botswana","2","2","100.00000","0","0.00000","0","0.00000"
"2022-06-05","Botswana","1","1","100.00000","0","0.00000","0","0.00000"
"2022-06-03","Botswana","1","1","100.00000","0","0.00000","0","0.00000"
"2022-05-30","Botswana","1","1","100.00000","0","0.00000","0","0.00000"
"2022-05-15","Botswana","1","0","0.00000","0","0.00000","0","0.00000"
"2022-05-07","Botswana","1","0","0.00000","0","0.00000","0","0.00000"
"2022-04-29","Botswana","1","0","0.00000","0","0.00000","0","0.00000"
"2022-03-13","Botswana","1","0","0.00000","0","0.00000","0","0.00000"
"2022-03-12","Botswana","1","0","0.00000","0","0.00000","0","0.00000"
"2022-02-28","Botswana","1","1","100.00000","0","0.00000","0","0.00000"
"2022-02-26","Botswana","1","0","0.00000","0","0.00000","0","0.00000"
"2022-02-23","Botswana","1","1","100.00000","0","0.00000","0","0.00000"
"2022-02-15","Botswana","1","0","0.00000","0","0.00000","0","0.00000"
"2022-02-14","Botswana","1","1","100.00000","1","100.00000","0","0.00000"
"2022-02-13","Botswana","1","0","0.00000","0","0.00000","0","0.00000"
"2022-02-12","Botswana","1","1","100.00000","0","0.00000","0","0.00000"
"2022-02-11","Botswana","1","1","100.00000","0","0.00000","0","0.00000"
"2022-02-01","Botswana","1","1","100.00000","0","0.00000","0","0.00000"
"2022-01-31","Botswana","1","0","0.00000","0","0.00000","0","0.00000"
"2022-01-29","Botswana","1","1","100.00000","0","0.00000","0","0.00000"
"2022-01-28","Botswana","1","0","0.00000","0","0.00000","0","0.00000"
"2022-01-25","Botswana","1","1","100.00000","0","0.00000","0","0.00000"
"2022-01-23","Botswana","1","1","100.00000","1","100.00000","0","0.00000"
"2022-01-22","Botswana","1","0","0.00000","0","0.00000","0","0.00000"
"2022-01-21","Botswana","2","0","0.00000","0","0.00000","0","0.00000"
"2022-01-14","Botswana","1","1","100.00000","0","0.00000","0","0.00000"
"2022-01-09","Botswana","1","1","100.00000","1","100.00000","0","0.00000"
"2022-01-07","Botswana","2","1","50.00000","0","0.00000","1","50.00000"
"2022-01-05","Botswana","2","1","50.00000","0","0.00000","0","0.00000"
"2022-01-04","Botswana","2","1","50.00000","0","0.00000","0","0.00000"
"2022-01-03","Botswana","1","0","0.00000","0","0.00000","0","0.00000"
"2022-12-13","Korea_North","1","0","0.00000","0","0.00000","0","0.00000"
"2022-12-04","Korea_North","1","0","0.00000","0","0.00000","0","0.00000"
"2022-12-03","Korea_North","1","0","0.00000","0","0.00000","0","0.00000"
"2022-11-29","Korea_North","1","0","0.00000","0","0.00000","0","0.00000"
"2022-11-24","Korea_North","2","1","50.00000","0","0.00000","0","0.00000"
"2022-11-23","Korea_North","1","1","100.00000","0","0.00000","0","0.00000"
"2022-11-20","Korea_North","1","1","100.00000","0","0.00000","0","0.00000"
"2022-11-19","Korea_North","2","2","100.00000","1","50.00000","0","0.00000"
"2022-11-16","Korea_North","1","0","0.00000","0","0.00000","0","0.00000"
"2022-11-12","Korea_North","1","1","100.00000","0","0.00000","0","0.00000"
"2022-11-09","Korea_North","2","1","50.00000","0","0.00000","0","0.00000"
"2022-11-07","Korea_North","2","0","0.00000","0","0.00000","0","0.00000"
"2022-11-04","Korea_North","1","0","0.00000","0","0.00000","0","0.00000"
"2022-10-24","Korea_North","2","1","50.00000","0","0.00000","0","0.00000"
"2022-10-13","Korea_North","1","1","100.00000","0","0.00000","0","0.00000"
"2022-10-06","Korea_North","1","1","100.00000","0","0.00000","0","0.00000"
"2022-10-05","Korea_North","1","1","100.00000","0","0.00000","0","0.00000"
"2022-10-03","Korea_North","1","1","100.00000","0","0.00000","0","0.00000"
"2022-10-01","Korea_North","2","2","100.00000","0","0.00000","0","0.00000"
"2022-09-30","Korea_North","2","0","0.00000","0","0.00000","0","0.00000"
"2022-09-29","Korea_North","1","0","0.00000","0","0.00000","0","0.00000"
"2022-09-28","Korea_North","1","0","0.00000","0","0.00000","0","0.00000"
"2022-09-27","Korea_North","1","1","100.00000","0","0.00000","0","0.00000"
"2022-09-26","Korea_North","1","0","0.00000","0","0.00000","0","0.00000"
"2022-09-22","Korea_North","2","2","100.00000","1","50.00000","0","0.00000"
"2022-09-17","Korea_North","1","1","100.00000","0","0.00000","0","0.00000"
"2022-09-15","Korea_North","2","2","100.00000","0","0.00000","0","0.00000"
"2022-09-11","Korea_North","1","0","0.00000","0","0.00000","0","0.00000"
"2022-09-08","Korea_North","1","1","100.00000","1","100.00000","1","100.00000"
"2022-09-04","Korea_North","1","0","0.00000","0","0.00000","0","0.00000"
"2022-08-30","Korea_North","1","0","0.00000","0","0.00000","0","0.00000"
"2022-08-29","Korea_North","1","0","0.00000","0","0.00000","0","0.00000"
"2022-08-28","Korea_North","1","1","100.00000","0","0.00000","0","0.00000"
"2022-08-23","Korea_North","1","0","0.00000","0","0.00000","0","0.00000"
"2022-08-21","Korea_North","1","0","0.00000","0","0.00000","0","0.00000"
"2022-08-18","Korea_North","1","1","100.00000","1","100.00000","0","0.00000"
"2022-08-16","Korea_North","1","0","0.00000","0","0.00000","0","0.00000"
"2022-08-15","Korea_North","2","0","0.00000","0","0.00000","0","0.00000"
"2022-08-13","Korea_North","1","1","100.00000","0","0.00000","0","0.00000"
"2022-08-11","Korea_North","1","1","100.00000","0","0.00000","0","0.00000"
"2022-08-09","Korea_North","1","0","0.00000","0","0.00000","0","0.00000"
"2022-08-08","Korea_North","1","0","0.00000","0","0.00000","0","0.00000"
"2022-08-07","Korea_North","3","2","66.66667","1","33.33333","0","0.00000"
"2022-08-06","Korea_North","1","1","100.00000","0","0.00000","0","0.00000"
"2022-08-03","Korea_North","1","1","100.00000","1","100.00000","0","0.00000"
"2022-08-01","Korea_North","1","1","100.00000","0","0.00000","0","0.00000"
"2022-07-31","Korea_North","1","0","0.00000","0","0.00000","0","0.00000"
"2022-07-30","Korea_North","1","0","0.00000","0","0.00000","0","0.00000"
"2022-07-29","Korea_North","1","1","100.00000","0","0.00000","0","0.00000"
"2022-07-26","Korea_North","1","1","100.00000","0","0.00000","0","0.00000"
"2022-07-25","Korea_North","1","0","0.00000","0","0.00000","0","0.00000"
"2022-07-22","Korea_North","1","1","100.00000","1","100.00000","0","0.00000"
"2022-07-21","Korea_North","2","1","50.00000","1","50.00000","0","0.00000"
"2022-07-18","Korea_North","1","1","100.00000","0","0.00000","0","0.00000"
"2022-07-15","Korea_North","1","1","100.00000","0","0.00000","0","0.00000"
"2022-07-11","Korea_North","1","1","100.00000","0","0.00000","0","0.00000"
"2022-07-05","Korea_North","1","0","0.00000","0","0.00000","0","0.00000"
"2022-07-02","Korea_North","2","0","0.00000","0","0.00000","0","0.00000"
"2022-07-01","Korea_North","1","0","0.00000","0","0.00000","0","0.00000"
"2022-06-24","Korea_North","2","2","100.00000","1","50.00000","0","0.00000"
"2022-06-22","Korea_North","2","2","100.00000","1","50.00000","0","0.00000"
"2022-06-21","Korea_North","1","1","100.00000","1","100.00000","0","0.00000"
"2022-06-16","Korea_North","1","1","100.00000","0","0.00000","0","0.00000"
"2022-06-14","Korea_North","1","1","100.00000","0","0.00000","0","0.00000"
"2022-06-13","Korea_North","1","0","0.00000","0","0.00000","0","0.00000"
"2022-06-07","Korea_North","2","2","100.00000","1","50.00000","0","0.00000"
"2022-06-06","Korea_North","1","0","0.00000","0","0.00000","0","0.00000"
"2022-05-18","Korea_North","1","0","0.00000","0","0.00000","0","0.00000"
"2022-05-14","Korea_North","1","1","100.00000","0","0.00000","0","0.00000"
"2022-05-06","Korea_North","1","1","100.00000","0","0.00000","0","0.00000"
"2022-04-21","Korea_North","1","1","100.00000","0","0.00000","0","0.00000"
"2022-04-18","Korea_North","1","1","100.00000","1","100.00000","0","0.00000"
"2022-04-07","Korea_North","1","0","0.00000","0","0.00000","0","0.00000"
"2022-04-02","Korea_North","1","0","0.00000","0","0.00000","0","0.00000"
"2022-03-26","Korea_North","2","0","0.00000","0","0.00000","0","0.00000"
"2022-03-23","Korea_North","2","1","50.00000","0","0.00000","0","0.00000"
"2022-03-15","Korea_North","2","1","50.00000","0","0.00000","0","0.00000"
"2022-03-13","Korea_North","2","0","0.00000","0","0.00000","0","0.00000"
"2022-03-10","Korea_North","1","0","0.00000","0","0.00000","0","0.00000"
"2022-03-01","Korea_North","1","0","0.00000","0","0.00000","0","0.00000"
"2022-02-17","Korea_North","1","0","0.00000","0","0.00000","0","0.00000"
"2022-02-10","Korea_North","1","0","0.00000","0","0.00000","0","0.00000"
"2022-02-07","Korea_North","2","2","100.00000","0","0.00000","0","0.00000"
"2022-02-03","Korea_North","1","0","0.00000","0","0.00000","0","0.00000"
"2022-01-29","Korea_North","2","0","0.00000","0","0.00000","0","0.00000"
"2022-01-25","Korea_North","2","0","0.00000","0","0.00000","0","0.00000"
"2022-01-15","Korea_North","2","1","50.00000","1","50.00000","1","50.00000"
"2022-01-12","Korea_North","2","1","50.00000","0","0.00000","0","0.00000"
"2022-01-11","Korea_North","1","0","0.00000","0","0.00000","0","0.00000"
"2022-01-10","Korea_North","1","1","100.00000","0","0.00000","0","0.00000"
"2022-01-05","Korea_North","1","0","0.00000","0","0.00000","0","0.00000"
"2022-01-04","Korea_North","1","0","0.00000","0","0.00000","0","0.00000"
"2022-01-03","Korea_North","1","0","0.00000","0","0.00000","0","0.00000"
"2022-12-31","Poland","1","0","0.00000","0","0.00000","0","0.00000"
"2022-12-28","Poland","1","1","100.00000","0","0.00000","0","0.00000"
"2022-12-27","Poland","1","0","0.00000","0","0.00000","0","0.00000"
"2022-12-20","Poland","1","1","100.00000","0","0.00000","0","0.00000"
"2022-12-17","Poland","1","0","0.00000","0","0.00000","0","0.00000"
"2022-12-13","Poland","1","0","0.00000","0","0.00000","0","0.00000"
"2022-11-25","Poland","2","1","50.00000","0","0.00000","0","0.00000"
"2022-11-24","Poland","1","0","0.00000","0","0.00000","0","0.00000"
"2022-11-21","Poland","1","0","0.00000","0","0.00000","0","0.00000"
"2022-11-20","Poland","1","1","100.00000","0","0.00000","0","0.00000"
"2022-11-19","Poland","1","1","100.00000","1","100.00000","0","0.00000"
"2022-11-14","Poland","1","1","100.00000","0","0.00000","0","0.00000"
"2022-11-12","Poland","1","0","0.00000","0","0.00000","0","0.00000"
"2022-11-07","Poland","1","0","0.00000","0","0.00000","0","0.00000"
"2022-11-06","Poland","1","1","100.00000","1","100.00000","0","0.00000"
"2022-10-28","Poland","1","1","100.00000","1","100.00000","1","100.00000"
"2022-10-24","Poland","1","1","100.00000","0","0.00000","0","0.00000"
"2022-10-21","Poland","1","1","100.00000","0","0.00000","0","0.00000"
"2022-10-20","Poland","1","1","100.00000","0","0.00000","0","0.00000"
"2022-10-18","Poland","1","1","100.00000","0","0.00000","0","0.00000"
"2022-10-14","Poland","1","1","100.00000","0","0.00000","0","0.00000"
"2022-10-12","Poland","1","0","0.00000","0","0.00000","0","0.00000"
"2022-10-11","Poland","1","0","0.00000","0","0.00000","0","0.00000"
"2022-10-10","Poland","1","0","0.00000","0","0.00000","0","0.00000"
"2022-10-08","Poland","1","0","0.00000","0","0.00000","0","0.00000"
"2022-10-07","Poland","2","2","100.00000","0","0.00000","0","0.00000"
"2022-10-04","Poland","1","1","100.00000","0","0.00000","0","0.00000"
"2022-10-02","Poland","1","1","100.00000","0","0.00000","0","0.00000"
"2022-09-30","Poland","2","1","50.00000","0","0.00000","0","0.00000"
"2022-09-27","Poland","1","1","100.00000","0","0.00000","0","0.00000"
"2022-09-26","Poland","1","1","100.00000","0","0.00000","0","0.00000"
"2022-09-25","Poland","1","1","100.00000","1","100.00000","0","0.00000"
"2022-09-23","Poland","1","0","0.00000","0","0.00000","0","0.00000"
"2022-09-22","Poland","1","0","0.00000","0","0.00000","0","0.00000"
"2022-09-19","Poland","1","1","100.00000","1","100.00000","0","0.00000"
"2022-09-18","Poland","1","1","100.00000","0","0.00000","0","0.00000"
"2022-09-17","Poland","1","0","0.00000","0","0.00000","0","0.00000"
"2022-09-16","Poland","1","1","100.00000","0","0.00000","0","0.00000"
"2022-09-11","Poland","1","0","0.00000","0","0.00000","0","0.00000"
"2022-09-10","Poland","1","0","0.00000","0","0.00000","0","0.00000"
"2022-09-09","Poland","1","0","0.00000","0","0.00000","0","0.00000"
"2022-09-08","Poland","1","0","0.00000","0","0.00000","0","0.00000"
"2022-09-05","Poland","2","1","50.00000","0","0.00000","0","0.00000"
"2022-09-01","Poland","1","0","0.00000","0","0.00000","0","0.00000"
"2022-08-31","Poland","2","1","50.00000","1","50.00000","0","0.00000"
"2022-08-29","Poland","1","1","100.00000","1","100.00000","0","0.00000"
"2022-08-24","Poland","1","0","0.00000","0","0.00000","0","0.00000"
"2022-08-22","Poland","1","1","100.00000","0","0.00000","0","0.00000"
"2022-08-21","Poland","1","0","0.00000","0","0.00000","0","0.00000"
"2022-08-20","Poland","1","1","100.00000","0","0.00000","0","0.00000"
"2022-08-16","Poland","1","1","100.00000","1","100.00000","1","100.00000"
"2022-08-13","Poland","1","1","100.00000","0","0.00000","0","0.00000"
"2022-08-12","Poland","1","1","100.00000","0","0.00000","0","0.00000"
"2022-08-11","Poland","2","0","0.00000","0","0.00000","0","0.00000"
"2022-08-09","Poland","1","1","100.00000","0","0.00000","0","0.00000"
"2022-08-07","Poland","1","0","0.00000","0","0.00000","0","0.00000"
"2022-08-04","Poland","1","1","100.00000","0","0.00000","0","0.00000"
"2022-08-03","Poland","2","2","100.00000","0","0.00000","0","0.00000"
"2022-08-02","Poland","1","1","100.00000","0","0.00000","0","0.00000"
"2022-08-01","Poland","1","1","100.00000","1","100.00000","0","0.00000"
"2022-07-31","Poland","1","0","0.00000","0","0.00000","0","0.00000"
"2022-07-30","Poland","2","1","50.00000","0","0.00000","0","0.00000"
"2022-07-29","Poland","1","1","100.00000","0","0.00000","0","0.00000"
"2022-07-25","Poland","1","1","100.00000","0","0.00000","0","0.00000"
"2022-07-24","Poland","1","1","100.00000","0","0.00000","0","0.00000"
"2022-07-19","Poland","1","1","100.00000","0","0.00000","0","0.00000"
"2022-07-17","Poland","1","1","100.00000","0","0.00000","0","0.00000"
"2022-07-16","Poland","2","1","50.00000","1","50.00000","0","0.00000"
"2022-07-11","Poland","1","1","100.00000","1","100.00000","0","0.00000"
"2022-07-09","Poland","1","0","0.00000","0","0.00000","0","0.00000"
"2022-07-06","Poland","1","0","0.00000","0","0.00000","0","0.00000"
"2022-07-04","Poland","2","1","50.00000","1","50.00000","0","0.00000"
"2022-07-02","Poland","1","1","100.00000","1","100.00000","0","0.00000"
"2022-07-01","Poland","1","0","0.00000","0","0.00000","0","0.00000"
"2022-06-26","Poland","1","0","0.00000","0","0.00000","0","0.00000"
"2022-06-25","Poland","1","0","0.00000","0","0.00000","0","0.00000"
"2022-06-24","Poland","1","0","0.00000","0","0.00000","0","0.00000"
"2022-06-23","Poland","1","1","100.00000","0","0.00000","0","0.00000"
"2022-06-22","Poland","1","1","100.00000","0","0.00000","0","0.00000"
"2022-06-21","Poland","1","0","0.00000","0","0.00000","0","0.00000"
"2022-06-20","Poland","1","1","100.00000","0","0.00000","0","0.00000"
"2022-06-12","Poland","1","0","0.00000","0","0.00000","0","0.00000"
"2022-06-11","Poland","3","0","0.00000","0","0.00000","0","0.00000"
"2022-06-07","Poland","1","0","0.00000","0","0.00000","0","0.00000"
"2022-06-06","Poland","1","1","100.00000","0","0.00000","0","0.00000"
"2022-06-04","Poland","1","1","100.00000","0","0.00000","0","0.00000"
"2022-06-02","Poland","1","0","0.00000","0","0.00000","0","0.00000"
"2022-06-01","Poland","2","1","50.00000","1","50.00000","0","0.00000"
"2022-05-10","Poland","1","0","0.00000","0","0.00000","0","0.00000"
"2022-05-07","Poland","1","1","100.00000","0","0.00000","0","0.00000"
"2022-04-17","Poland","1","1","100.00000","0","0.00000","0","0.00000"
"2022-04-06","Poland","1","1","100.00000","0","0.00000","0","0.00000"
"2022-04-04","Poland","1","0","0.00000","0","0.00000","0","0.00000"
"2022-04-01","Poland","1","0","0.00000","0","0.00000","0","0.00000"
"2022-03-26","Poland","1","0","0.00000","0","0.00000","0","0.00000"
"2022-03-23","Poland","2","0","0.00000","0","0.00000","0","0.00000"
"2022-03-18","Poland","2","0","0.00000","0","0.00000","0","0.00000"
"2022-03-13","Poland","2","0","0.00000","0","0.00000","0","0.00000"
"2022-03-07","Poland","2","0","0.00000","0","0.00000","0","0.00000"
"2022-03-04","Poland","1","0","0.00000","0","0.00000","0","0.00000"
"2022-03-03","Poland","1","1","100.00000","0","0.00000","0","0.00000"
"2022-02-26","Poland","1","0","0.00000","0","0.00000","0","0.00000"
"2022-02-20","Poland","1","1","100.00000","0","0.00000","0","0.00000"
"2022-02-18","Poland","1","0","0.00000","0","0.00000","0","0.00000"
"2022-02-17","Poland","1","0","0.00000","0","0.00000","0","0.00000"
"2022-02-10","Poland","1","1","100.00000","1","100.00000","0","0.00000"
"2022-02-08","Poland","1","0","0.00000","0","0.00000","0","0.00000"
"2022-02-07","Poland","3","1","33.33333","1","33.33333","0","0.00000"
"2022-02-05","Poland","2","1","50.00000","0","0.00000","0","0.00000"
"2022-02-04","Poland","1","0","0.00000","0","0.00000","0","0.00000"
"2022-02-03","Poland","1","0","0.00000","0","0.00000","0","0.00000"
"2022-01-29","Poland","1","0","0.00000","0","0.00000","0","0.00000"
"2022-01-28","Poland","1","0","0.00000","0","0.00000","0","0.00000"
"2022-01-27","Poland","1","0","0.00000","0","0.00000","0","0.00000"
"2022-01-26","Poland","1","0","0.00000","0","0.00000","0","0.00000"
"2022-01-22","Poland","1","0","0.00000","0","0.00000","0","0.00000"
"2022-01-10","Poland","1","0","0.00000","0","0.00000","0","0.00000"
"2022-01-09","Poland","1","0","0.00000","0","0.00000","0","0.00000"
"2022-01-06","Poland","1","1","100.00000","0","0.00000","0","0.00000"
"2022-01-04","Poland","1","1","100.00000","0","0.00000","0","0.00000"
"2022-01-01","Poland","1","1","100.00000","0","0.00000","0","0.00000"
"2022-12-26","San_Marino","2","2","100.00000","0","0.00000","0","0.00000"
"2022-12-25","San_Marino","1","1","100.00000","0","0.00000","0","0.00000"
"2022-12-16","San_Marino","1","1","100.00000","0","0.00000","0","0.00000"
"2022-12-08","San_Marino","1","1","100.00000","0","0.00000","0","0.00000"
"2022-12-03","San_Marino","3","1","33.33333","0","0.00000","0","0.00000"
"2022-11-30","San_Marino","1","1","100.00000","1","100.00000","0","0.00000"
"2022-11-15","San_Marino","1","1","100.00000","0","0.00000","0","0.00000"
"2022-11-06","San_Marino","1","1","100.00000","1","100.00000","0","0.00000"
"2022-10-23","San_Marino","1","1","100.00000","0","0.00000","0","0.00000"
"2022-10-21","San_Marino","1","0","0.00000","0","0.00000","0","0.00000"
"2022-10-20","San_Marino","1","1","100.00000","1","100.00000","1","100.00000"
"2022-10-19","San_Marino","1","1","100.00000","1","100.00000","0","0.00000"
"2022-10-18","San_Marino","1","1","100.00000","1","100.00000","0","0.00000"
"2022-10-17","San_Marino","1","1","100.00000","0","0.00000","0","0.00000"
"2022-10-14","San_Marino","2","2","100.00000","0","0.00000","0","0.00000"
"2022-10-11","San_Marino","1","1","100.00000","0","0.00000","0","0.00000"
"2022-10-04","San_Marino","1","0","0.00000","0","0.00000","0","0.00000"
"2022-10-02","San_Marino","1","1","100.00000","0","0.00000","0","0.00000"
"2022-09-30","San_Marino","2","1","50.00000","0","0.00000","0","0.00000"
"2022-09-26","San_Marino","1","0","0.00000","0","0.00000","0","0.00000"
"2022-09-24","San_Marino","1","1","100.00000","1","100.00000","0","0.00000"
"2022-09-20","San_Marino","1","1","100.00000","0","0.00000","0","0.00000"
"2022-09-15","San_Marino","1","0","0.00000","0","0.00000","0","0.00000"
"2022-09-04","San_Marino","1","1","100.00000","1","100.00000","1","100.00000"
"2022-08-31","San_Marino","1","0","0.00000","0","0.00000","0","0.00000"
"2022-08-24","San_Marino","5","3","60.00000","2","40.00000","0","0.00000"
"2022-08-23","San_Marino","1","1","100.00000","0","0.00000","0","0.00000"
"2022-08-22","San_Marino","3","0","0.00000","0","0.00000","0","0.00000"
"2022-08-16","San_Marino","1","1","100.00000","0","0.00000","0","0.00000"
"2022-08-15","San_Marino","1","1","100.00000","0","0.00000","0","0.00000"
"2022-08-14","San_Marino","2","1","50.00000","1","50.00000","1","50.00000"
"2022-08-13","San_Marino","1","1","100.00000","0","0.00000","0","0.00000"
"2022-08-11","San_Marino","1","1","100.00000","0","0.00000","0","0.00000"
"2022-08-09","San_Marino","1","0","0.00000","0","0.00000","0","0.00000"
"2022-08-07","San_Marino","1","1","100.00000","1","100.00000","0","0.00000"
"2022-08-06","San_Marino","1","0","0.00000","0","0.00000","0","0.00000"
"2022-08-02","San_Marino","1","0","0.00000","0","0.00000","0","0.00000"
"2022-07-31","San_Marino","1","1","100.00000","1","100.00000","1","100.00000"
"2022-07-30","San_Marino","1","0","0.00000","0","0.00000","0","0.00000"
"2022-07-28","San_Marino","4","2","50.00000","0","0.00000","0","0.00000"
"2022-07-19","San_Marino","1","1","100.00000","1","100.00000","1","100.00000"
"2022-07-18","San_Marino","1","0","0.00000","0","0.00000","0","0.00000"
"2022-07-16","San_Marino","1","1","100.00000","0","0.00000","0","0.00000"
"2022-07-15","San_Marino","2","2","100.00000","0","0.00000","0","0.00000"
"2022-07-13","San_Marino","1","1","100.00000","0","0.00000","0","0.00000"
"2022-07-09","San_Marino","1","1","100.00000","0","0.00000","0","0.00000"
"2022-07-08","San_Marino","1","0","0.00000","0","0.00000","0","0.00000"
"2022-07-02","San_Marino","1","0","0.00000","0","0.00000","0","0.00000"
"2022-06-28","San_Marino","1","1","100.00000","0","0.00000","0","0.00000"
"2022-06-21","San_Marino","1","0","0.00000","0","0.00000","0","0.00000"
"2022-06-19","San_Marino","1","1","100.00000","0","0.00000","0","0.00000"
"2022-06-17","San_Marino","1","1","100.00000","0","0.00000","0","0.00000"
"2022-06-16","San_Marino","1","0","0.00000","0","0.00000","0","0.00000"
"2022-06-12","San_Marino","1","0","0.00000","0","0.00000","0","0.00000"
"2022-06-11","San_Marino","1","1","100.00000","1","100.00000","0","0.00000"
"2022-06-09","San_Marino","1","1","100.00000","0","0.00000","0","0.00000"
"2022-06-07","San_Marino","1","1","100.00000","0","0.00000","0","0.00000"
"2022-06-04","San_Marino","1","1","100.00000","1","100.00000","0","0.00000"
"2022-05-29","San_Marino","1","0","0.00000","0","0.00000","0","0.00000"
"2022-05-09","San_Marino","1","0","0.00000","0","0.00000","0","0.00000"
"2022-05-06","San_Marino","1","0","0.00000","0","0.00000","0","0.00000"
"2022-04-30","San_Marino","1","0","0.00000","0","0.00000","0","0.00000"
"2022-04-20","San_Marino","1","0","0.00000","0","0.00000","0","0.00000"
"2022-04-14","San_Marino","1","0","0.00000","0","0.00000","0","0.00000"
"2022-04-11","San_Marino","1","0","0.00000","0","0.00000","0","0.00000"
"2022-03-28","San_Marino","1","1","100.00000","0","0.00000","0","0.00000"
"2022-03-26","San_Marino","1","0","0.00000","0","0.00000","0","0.00000"
"2022-03-21","San_Marino","1","0","0.00000","0","0.00000","0","0.00000"
"2022-03-15","San_Marino","1","0","0.00000","0","0.00000","0","0.00000"
"2022-03-14","San_Marino","1","0","0.00000","0","0.00000","0","0.00000"
"2022-03-08","San_Marino","2","0","0.00000","0","0.00000","1","50.00000"
"2022-03-03","San_Marino","1","1","100.00000","0","0.00000","0","0.00000"
"2022-03-01","San_Marino","1","0","0.00000","0","0.00000","0","0.00000"
"2022-02-27","San_Marino","1","0","0.00000","0","0.00000","0","0.00000"
"2022-02-26","San_Marino","1","1","100.00000","0","0.00000","0","0.00000"
"2022-02-22","San_Marino","1","1","100.00000","0","0.00000","0","0.00000"
"2022-02-16","San_Marino","1","1","100.00000","0","0.00000","0","0.00000"
"2022-02-15","San_Marino","1","1","100.00000","0","0.00000","0","0.00000"
"2022-02-06","San_Marino","1","0","0.00000","0","0.00000","0","0.00000"
"2022-02-03","San_Marino","1","0","0.00000","0","0.00000","0","0.00000"
"2022-02-02","San_Marino","1","0","0.00000","0","0.00000","0","0.00000"
"2022-01-14","San_Marino","1","1","100.00000","0","0.00000","0","0.00000"
"2022-01-08","San_Marino","2","1","50.00000","0","0.00000","0","0.00000"
"2022-01-05","San_Marino","1","1","100.00000","0","0.00000","0","0.00000"
"2022-01-04","San_Marino","1","0","0.00000","0","0.00000","0","0.00000"
"2022-01-03","San_Marino","1","0","0.00000","0","0.00000","0","0.00000"
"2022-01-02","San_Marino","1","0","0.00000","0","0.00000","0","0.00000"
"2022-01-01","San_Marino","1","0","0.00000","0","0.00000","0","0.00000"
"2022-12-31","Slovakia","1","0","0.00000","0","0.00000","0","0.00000"
"2022-12-29","Slovakia","1","1","100.00000","0","0.00000","0","0.00000"
"2022-12-27","Slovakia","1","1","100.00000","1","100.00000","0","0.00000"
"2022-12-26","Slovakia","1","0","0.00000","0","0.00000","0","0.00000"
"2022-12-16","Slovakia","1","0","0.00000","0","0.00000","0","0.00000"
"2022-12-15","Slovakia","2","2","100.00000","1","50.00000","0","0.00000"
"2022-12-14","Slovakia","1","1","100.00000","0","0.00000","0","0.00000"
"2022-12-09","Slovakia","1","0","0.00000","0","0.00000","0","0.00000"
"2022-12-01","Slovakia","1","0","0.00000","0","0.00000","0","0.00000"
"2022-11-22","Slovakia","2","2","100.00000","1","50.00000","0","0.00000"
"2022-11-20","Slovakia","1","0","0.00000","0","0.00000","0","0.00000"
"2022-11-18","Slovakia","3","3","100.00000","0","0.00000","0","0.00000"
"2022-11-17","Slovakia","1","1","100.00000","0","0.00000","0","0.00000"
"2022-11-16","Slovakia","1","1","100.00000","0","0.00000","0","0.00000"
"2022-11-12","Slovakia","1","0","0.00000","0","0.00000","0","0.00000"
"2022-11-11","Slovakia","1","1","100.00000","1","100.00000","0","0.00000"
"2022-11-09","Slovakia","1","0","0.00000","0","0.00000","0","0.00000"
"2022-11-08","Slovakia","1","1","100.00000","0","0.00000","0","0.00000"
"2022-11-03","Slovakia","1","1","100.00000","1","100.00000","0","0.00000"
"2022-11-02","Slovakia","1","1","100.00000","0","0.00000","0","0.00000"
"2022-10-28","Slovakia","1","1","100.00000","0","0.00000","0","0.00000"
"2022-10-27","Slovakia","2","1","50.00000","0","0.00000","0","0.00000"
"2022-10-25","Slovakia","1","0","0.00000","0","0.00000","0","0.00000"
"2022-10-24","Slovakia","1","1","100.00000","0","0.00000","0","0.00000"
"2022-10-19","Slovakia","1","1","100.00000","0","0.00000","0","0.00000"
"2022-10-14","Slovakia","1","0","0.00000","0","0.00000","0","0.00000"
"2022-10-13","Slovakia","1","1","100.00000","0","0.00000","0","0.00000"
"2022-10-12","Slovakia","1","1","100.00000","0","0.00000","0","0.00000"
"2022-10-11","Slovakia","1","0","0.00000","0","0.00000","0","0.00000"
"2022-10-02","Slovakia","1","0","0.00000","0","0.00000","0","0.00000"
"2022-09-27","Slovakia","1","0","0.00000","0","0.00000","0","0.00000"
"2022-09-26","Slovakia","2","1","50.00000","0","0.00000","0","0.00000"
"2022-09-25","Slovakia","1","1","100.00000","0","0.00000","0","0.00000"
"2022-09-24","Slovakia","2","1","50.00000","0","0.00000","0","0.00000"
"2022-09-17","Slovakia","1","1","100.00000","0","0.00000","0","0.00000"
"2022-09-12","Slovakia","1","0","0.00000","0","0.00000","0","0.00000"
"2022-09-09","Slovakia","1","1","100.00000","1","100.00000","0","0.00000"
"2022-09-07","Slovakia","1","0","0.00000","0","0.00000","0","0.00000"
"2022-09-02","Slovakia","2","1","50.00000","1","50.00000","0","0.00000"
"2022-08-30","Slovakia","1","1","100.00000","0","0.00000","0","0.00000"
"2022-08-27","Slovakia","1","1","100.00000","0","0.00000","0","0.00000"
"2022-08-22","Slovakia","1","0","0.00000","0","0.00000","0","0.00000"
"2022-08-21","Slovakia","1","1","100.00000","1","100.00000","0","0.00000"
"2022-08-20","Slovakia","1","0","0.00000","0","0.00000","0","0.00000"
"2022-08-13","Slovakia","1","0","0.00000","0","0.00000","0","0.00000"
"2022-08-11","Slovakia","1","1","100.00000","0","0.00000","0","0.00000"
"2022-08-09","Slovakia","3","0","0.00000","1","33.33333","0","0.00000"
"2022-08-07","Slovakia","2","2","100.00000","0","0.00000","0","0.00000"
"2022-08-04","Slovakia","1","1","100.00000","1","100.00000","1","100.00000"
"2022-08-02","Slovakia","2","0","0.00000","0","0.00000","0","0.00000"
"2022-08-01","Slovakia","1","1","100.00000","1","100.00000","0","0.00000"
"2022-07-31","Slovakia","1","1","100.00000","1","100.00000","0","0.00000"
"2022-07-30","Slovakia","1","1","100.00000","1","100.00000","0","0.00000"
"2022-07-28","Slovakia","2","0","0.00000","0","0.00000","0","0.00000"
"2022-07-26","Slovakia","3","3","100.00000","0","0.00000","0","0.00000"
"2022-07-22","Slovakia","1","1","100.00000","1","100.00000","0","0.00000"
"2022-07-21","Slovakia","1","0","0.00000","0","0.00000","0","0.00000"
"2022-07-15","Slovakia","1","1","100.00000","1","100.00000","0","0.00000"
"2022-07-14","Slovakia","2","1","50.00000","0","0.00000","0","0.00000"
"2022-07-08","Slovakia","3","2","66.66667","0","0.00000","0","0.00000"
"2022-07-06","Slovakia","2","1","50.00000","0","0.00000","0","0.00000"
"2022-07-04","Slovakia","1","1","100.00000","0","0.00000","0","0.00000"
"2022-07-02","Slovakia","1","1","100.00000","0","0.00000","0","0.00000"
"2022-07-01","Slovakia","2","2","100.00000","1","50.00000","0","0.00000"
"2022-06-26","Slovakia","1","0","0.00000","0","0.00000","0","0.00000"
"2022-06-23","Slovakia","1","1","100.00000","0","0.00000","0","0.00000"
"2022-06-21","Slovakia","1","1","100.00000","0","0.00000","0","0.00000"
"2022-06-17","Slovakia","3","2","66.66667","1","33.33333","0","0.00000"
"2022-06-14","Slovakia","1","1","100.00000","1","100.00000","1","100.00000"
"2022-06-12","Slovakia","1","0","0.00000","0","0.00000","0","0.00000"
"2022-06-06","Slovakia","2","1","50.00000","0","0.00000","0","0.00000"
"2022-06-04","Slovakia","1","1","100.00000","0","0.00000","0","0.00000"
"2022-05-21","Slovakia","1","0","0.00000","0","0.00000","0","0.00000"
"2022-04-26","Slovakia","1","0","0.00000","0","0.00000","0","0.00000"
"2022-04-24","Slovakia","1","0","0.00000","0","0.00000","0","0.00000"
"2022-04-11","Slovakia","1","0","0.00000","1","100.00000","0","0.00000"
"2022-04-09","Slovakia","1","0","0.00000","0","0.00000","0","0.00000"
"2022-04-07","Slovakia","1","0","0.00000","0","0.00000","0","0.00000"
"2022-03-28","Slovakia","1","0","0.00000","0","0.00000","0","0.00000"
"2022-03-22","Slovakia","1","1","100.00000","0","0.00000","0","0.00000"
"2022-03-10","Slovakia","1","0","0.00000","0","0.00000","0","0.00000"
"2022-03-06","Slovakia","1","0","0.00000","0","0.00000","0","0.00000"
"2022-03-01","Slovakia","1","0","0.00000","0","0.00000","0","0.00000"
"2022-02-28","Slovakia","1","0","0.00000","0","0.00000","0","0.00000"
"2022-02-27","Slovakia","1","0","0.00000","0","0.00000","0","0.00000"
"2022-02-24","Slovakia","2","1","50.00000","0","0.00000","0","0.00000"
"2022-02-22","Slovakia","1","1","100.00000","0","0.00000","0","0.00000"
"2022-02-15","Slovakia","1","0","0.00000","0","0.00000","0","0.00000"
"2022-02-07","Slovakia","1","0","0.00000","0","0.00000","0","0.00000"
"2022-02-06","Slovakia","1","0","0.00000","0","0.00000","0","0.00000"
"2022-02-02","Slovakia","2","1","50.00000","0","0.00000","0","0.00000"
"2022-01-30","Slovakia","1","1","100.00000","0","0.00000","0","0.00000"
"2022-01-28","Slovakia","1","1","100.00000","0","0.00000","0","0.00000"
"2022-01-27","Slovakia","1","0","0.00000","0","0.00000","0","0.00000"
"2022-01-24","Slovakia","1","1","100.00000","0","0.00000","0","0.00000"
"2022-01-22","Slovakia","1","1","100.00000","0","0.00000","0","0.00000"
"2022-01-20","Slovakia","1","0","0.00000","0","0.00000","0","0.00000"
"2022-01-18","Slovakia","1","0","0.00000","0","0.00000","0","0.00000"
"2022-01-13","Slovakia","2","0","0.00000","0","0.00000","0","0.00000"
"2022-01-12","Slovakia","1","0","0.00000","0","0.00000","0","0.00000"
"2022-01-11","Slovakia","2","2","100.00000","0","0.00000","0","0.00000"
"2022-01-08","Slovakia","1","1","100.00000","0","0.00000","0","0.00000"
"2022-01-05","Slovakia","3","1","33.33333","0","0.00000","0","0.00000"
"2022-01-04","Slovakia","1","0","0.00000","0","0.00000","0","0.00000"
"2022-01-03","Slovakia","1","1","100.00000","0","0.00000","0","0.00000"
"2022-12-29","Slovenia","1","1","100.00000","0","0.00000","0","0.00000"
"2022-12-26","Slovenia","1","0","0.00000","0","0.00000","0","0.00000"
"2022-12-17","Slovenia","1","0","0.00000","0","0.00000","0","0.00000"
"2022-12-10","Slovenia","1","1","100.00000","0","0.00000","0","0.00000"
"2022-11-22","Slovenia","1","0","0.00000","0","0.00000","0","0.00000"
"2022-11-20","Slovenia","1","1","100.00000","1","100.00000","0","0.00000"
"2022-11-19","Slovenia","1","0","0.00000","0","0.00000","0","0.00000"
"2022-11-16","Slovenia","1","0","0.00000","0","0.00000","1","100.00000"
"2022-11-10","Slovenia","1","0","0.00000","0","0.00000","0","0.00000"
"2022-11-09","Slovenia","1","0","0.00000","0","0.00000","0","0.00000"
"2022-11-04","Slovenia","1","0","0.00000","0","0.00000","0","0.00000"
"2022-10-30","Slovenia","1","1","100.00000","1","100.00000","0","0.00000"
"2022-10-21","Slovenia","1","1","100.00000","1","100.00000","0","0.00000"
"2022-10-17","Slovenia","2","1","50.00000","1","50.00000","1","50.00000"
"2022-10-15","Slovenia","2","0","0.00000","0","0.00000","0","0.00000"
"2022-10-11","Slovenia","1","0","0.00000","0","0.00000","0","0.00000"
"2022-10-10","Slovenia","1","0","0.00000","0","0.00000","0","0.00000"
"2022-10-09","Slovenia","1","1","100.00000","0","0.00000","0","0.00000"
"2022-10-08","Slovenia","1","1","100.00000","1","100.00000","0","0.00000"
"2022-10-07","Slovenia","1","1","100.00000","0","0.00000","0","0.00000"
"2022-10-01","Slovenia","1","0","0.00000","0","0.00000","0","0.00000"
"2022-09-30","Slovenia","1","1","100.00000","1","100.00000","0","0.00000"
"2022-09-29","Slovenia","2","2","100.00000","0","0.00000","0","0.00000"
"2022-09-28","Slovenia","3","3","100.00000","2","66.66667","0","0.00000"
"2022-09-26","Slovenia","1","0","0.00000","0","0.00000","0","0.00000"
"2022-09-25","Slovenia","3","2","66.66667","2","66.66667","0","0.00000"
"2022-09-24","Slovenia","1","1","100.00000","0","0.00000","0","0.00000"
"2022-09-23","Slovenia","1","1","100.00000","0","0.00000","0","0.00000"
"2022-09-19","Slovenia","2","1","50.00000","1","50.00000","0","0.00000"
"2022-09-02","Slovenia","1","0","0.00000","0","0.00000","0","0.00000"
"2022-08-29","Slovenia","1","0","0.00000","0","0.00000","0","0.00000"
"2022-08-28","Slovenia","1","1","100.00000","1","100.00000","0","0.00000"
"2022-08-27","Slovenia","1","1","100.00000","0","0.00000","0","0.00000"
"2022-08-26","Slovenia","1","0","0.00000","0","0.00000","0","0.00000"
"2022-08-23","Slovenia","3","1","33.33333","0","0.00000","0","0.00000"
"2022-08-20","Slovenia","1","1","100.00000","0","0.00000","0","0.00000"
"2022-08-19","Slovenia","1","1","100.00000","0","0.00000","0","0.00000"
"2022-08-18","Slovenia","1","1","100.00000","1","100.00000","0","0.00000"
"2022-08-14","Slovenia","1","1","100.00000","0","0.00000","0","0.00000"
"2022-08-09","Slovenia","1","0","0.00000","0","0.00000","0","0.00000"
"2022-08-06","Slovenia","1","0","0.00000","0","0.00000","0","0.00000"
"2022-08-05","Slovenia","1","0","0.00000","0","0.00000","0","0.00000"
"2022-08-04","Slovenia","2","0","0.00000","0","0.00000","0","0.00000"
"2022-08-02","Slovenia","1","0","0.00000","0","0.00000","0","0.00000"
"2022-07-30","Slovenia","2","2","100.00000","0","0.00000","0","0.00000"
"2022-07-29","Slovenia","1","0","0.00000","0","0.00000","0","0.00000"
"2022-07-28","Slovenia","3","2","66.66667","1","33.33333","1","33.33333"
"2022-07-27","Slovenia","1","1","100.00000","0","0.00000","0","0.00000"
"2022-07-26","Slovenia","1","1","100.00000","0","0.00000","0","0.00000"
"2022-07-25","Slovenia","1","1","100.00000","0","0.00000","0","0.00000"
"2022-07-22","Slovenia","1","1","100.00000","0","0.00000","0","0.00000"
"2022-07-20","Slovenia","1","1","100.00000","0","0.00000","0","0.00000"
"2022-07-17","Slovenia","1","1","100.00000","0","0.00000","0","0.00000"
"2022-07-14","Slovenia","2","0","0.00000","0","0.00000","0","0.00000"
"2022-07-12","Slovenia","1","0","0.00000","0","0.00000","0","0.00000"
"2022-07-11","Slovenia","1","1","100.00000","0","0.00000","0","0.00000"
"2022-07-10","Slovenia","1","0","0.00000","0","0.00000","0","0.00000"
"2022-07-09","Slovenia","2","0","0.00000","0","0.00000","0","0.00000"
"2022-07-02","Slovenia","1","1","100.00000","0","0.00000","0","0.00000"
"2022-06-23","Slovenia","3","0","0.00000","0","0.00000","0","0.00000"
"2022-06-22","Slovenia","2","1","50.00000","1","50.00000","0","0.00000"
"2022-06-17","Slovenia","3","3","100.00000","1","33.33333","0","0.00000"
"2022-06-13","Slovenia","2","1","50.00000","0","0.00000","0","0.00000"
"2022-06-11","Slovenia","3","1","33.33333","0","0.00000","0","0.00000"
"2022-06-08","Slovenia","1","0","0.00000","0","0.00000","0","0.00000"
"2022-06-07","Slovenia","2","0","0.00000","0","0.00000","0","0.00000"
"2022-06-05","Slovenia","1","1","100.00000","0","0.00000","0","0.00000"
"2022-05-30","Slovenia","1","1","100.00000","0","0.00000","0","0.00000"
"2022-05-24","Slovenia","1","1","100.00000","0","0.00000","0","0.00000"
"2022-05-23","Slovenia","1","0","0.00000","0","0.00000","0","0.00000"
"2022-05-07","Slovenia","3","0","0.00000","0","0.00000","0","0.00000"
"2022-05-06","Slovenia","1","0","0.00000","0","0.00000","0","0.00000"
"2022-04-28","Slovenia","1","0","0.00000","0","0.00000","0","0.00000"
"2022-04-04","Slovenia","2","2","100.00000","0","0.00000","0","0.00000"
"2022-04-02","Slovenia","1","1","100.00000","0","0.00000","0","0.00000"
"2022-04-01","Slovenia","1","0","0.00000","0","0.00000","0","0.00000"
"2022-03-25","Slovenia","2","0","0.00000","0","0.00000","0","0.00000"
"2022-03-21","Slovenia","1","0","0.00000","0","0.00000","0","0.00000"
"2022-03-13","Slovenia","2","1","50.00000","0","0.00000","0","0.00000"
"2022-03-06","Slovenia","1","0","0.00000","0","0.00000","0","0.00000"
"2022-03-02","Slovenia","1","0","0.00000","0","0.00000","0","0.00000"
"2022-02-24","Slovenia","2","1","50.00000","0","0.00000","0","0.00000"
"2022-02-17","Slovenia","2","0","0.00000","0","0.00000","0","0.00000"
"2022-02-15","Slovenia","1","0","0.00000","0","0.00000","0","0.00000"
"2022-02-12","Slovenia","1","1","100.00000","1","100.00000","0","0.00000"
"2022-02-07","Slovenia","1","1","100.00000","0","0.00000","0","0.00000"
"2022-02-03","Slovenia","1","0","0.00000","0","0.00000","0","0.00000"
"2022-02-02","Slovenia","1","0","0.00000","0","0.00000","0","0.00000"
"2022-02-01","Slovenia","1","1","100.00000","0","0.00000","0","0.00000"
"2022-01-29","Slovenia","1","1","100.00000","0","0.00000","0","0.00000"
"2022-01-26","Slovenia","1","0","0.00000","0","0.00000","0","0.00000"
"2022-01-23","Slovenia","2","0","0.00000","0","0.00000","0","0.00000"
"2022-01-18","Slovenia","4","1","25.00000","0","0.00000","0","0.00000"
"2022-01-12","Slovenia","1","1","100.00000","0","0.00000","0","0.00000"
"2022-01-11","Slovenia","1","1","100.00000","0","0.00000","0","0.00000"
"2022-01-10","Slovenia","1","1","100.00000","0","0.00000","0","0.00000"
"2022-01-07","Slovenia","2","1","50.00000","0","0.00000","0","0.00000"
"2022-01-04","Slovenia","1","0","0.00000","0","0.00000","0","0.00000"
"2022-12-28","Sudan","1","1","100.00000","0","0.00000","0","0.00000"
"2022-12-27","Sudan","1","1","100.00000","0","0.00000","0","0.00000"
"2022-12-24","Sudan","1","1","100.00000","0","0.00000","0","0.00000"
"2022-12-16","Sudan","1","1","100.00000","0","0.00000","0","0.00000"
"2022-12-13","Sudan","1","0","0.00000","0","0.00000","0","0.00000"
"2022-12-09","Sudan","1","0","0.00000","0","0.00000","0","0.00000"
"2022-12-07","Sudan","2","0","0.00000","0","0.00000","0","0.00000"
"2022-12-04","Sudan","1","1","100.00000","0","0.00000","0","0.00000"
"2022-12-02","Sudan","2","2","100.00000","0","0.00000","0","0.00000"
"2022-12-01","Sudan","2","1","50.00000","0","0.00000","0","0.00000"
"2022-11-29","Sudan","1","1","100.00000","1","100.00000","0","0.00000"
"2022-11-27","Sudan","1","1","100.00000","0","0.00000","0","0.00000"
"2022-11-21","Sudan","1","1","100.00000","0","0.00000","0","0.00000"
"2022-11-19","Sudan","1","1","100.00000","0","0.00000","0","0.00000"
"2022-11-18","Sudan","1","0","0.00000","0","0.00000","0","0.00000"
"2022-11-16","Sudan","2","1","50.00000","0","0.00000","0","0.00000"
"2022-11-15","Sudan","2","0","0.00000","0","0.00000","0","0.00000"
"2022-11-07","Sudan","1","0","0.00000","0","0.00000","0","0.00000"
"2022-11-01","Sudan","1","1","100.00000","0","0.00000","0","0.00000"
"2022-10-30","Sudan","1","1","100.00000","0","0.00000","0","0.00000"
"2022-10-25","Sudan","1","0","0.00000","0","0.00000","0","0.00000"
"2022-10-24","Sudan","1","0","0.00000","0","0.00000","0","0.00000"
"2022-10-21","Sudan","1","1","100.00000","0","0.00000","0","0.00000"
"2022-10-20","Sudan","1","1","100.00000","0","0.00000","0","0.00000"
"2022-10-18","Sudan","1","1","100.00000","0","0.00000","0","0.00000"
"2022-10-15","Sudan","1","1","100.00000","0","0.00000","0","0.00000"
"2022-10-12","Sudan","1","1","100.00000","0","0.00000","0","0.00000"
"2022-10-02","Sudan","1","0","0.00000","0","0.00000","0","0.00000"
"2022-10-01","Sudan","1","0","0.00000","0","0.00000","0","0.00000"
"2022-09-30","Sudan","2","1","50.00000","0","0.00000","0","0.00000"
"2022-09-25","Sudan","1","0","0.00000","0","0.00000","0","0.00000"
"2022-09-24","Sudan","2","1","50.00000","0","0.00000","0","0.00000"
"2022-09-19","Sudan","2","1","50.00000","1","50.00000","0","0.00000"
"2022-09-16","Sudan","1","1","100.00000","0","0.00000","0","0.00000"
"2022-09-07","Sudan","1","1","100.00000","1","100.00000","0","0.00000"
"2022-09-03","Sudan","1","1","100.00000","0","0.00000","0","0.00000"
"2022-08-31","Sudan","1","0","0.00000","0","0.00000","0","0.00000"
"2022-08-27","Sudan","1","0","0.00000","0","0.00000","0","0.00000"
"2022-08-25","Sudan","2","1","50.00000","0","0.00000","0","0.00000"
"2022-08-22","Sudan","2","2","100.00000","1","50.00000","0","0.00000"
"2022-08-21","Sudan","1","0","0.00000","0","0.00000","0","0.00000"
"2022-08-20","Sudan","1","1","100.00000","0","0.00000","0","0.00000"
"2022-08-16","Sudan","1","0","0.00000","0","0.00000","0","0.00000"
"2022-08-13","Sudan","1","0","0.00000","0","0.00000","0","0.00000"
"2022-08-11","Sudan","1","1","100.00000","0","0.00000","0","0.00000"
"2022-08-09","Sudan","2","1","50.00000","0","0.00000","0","0.00000"
"2022-08-08","Sudan","1","1","100.00000","0","0.00000","0","0.00000"
"2022-08-04","Sudan","1","1","100.00000","1","100.00000","0","0.00000"
"2022-08-02","Sudan","1","1","100.00000","0","0.00000","0","0.00000"
"2022-07-31","Sudan","1","1","100.00000","1","100.00000","0","0.00000"
"2022-07-30","Sudan","2","1","50.00000","0","0.00000","0","0.00000"
"2022-07-29","Sudan","1","1","100.00000","0","0.00000","0","0.00000"
"2022-07-28","Sudan","2","1","50.00000","0","0.00000","0","0.00000"
"2022-07-27","Sudan","1","1","100.00000","1","100.00000","0","0.00000"
"2022-07-26","Sudan","1","1","100.00000","0","0.00000","0","0.00000"
"2022-07-25","Sudan","1","1","100.00000","0","0.00000","0","0.00000"
"2022-07-18","Sudan","2","1","50.00000","0","0.00000","0","0.00000"
"2022-07-15","Sudan","1","0","0.00000","0","0.00000","0","0.00000"
"2022-07-14","Sudan","1","1","100.00000","1","100.00000","0","0.00000"
"2022-07-07","Sudan","1","0","0.00000","0","0.00000","0","0.00000"
"2022-07-06","Sudan","1","1","100.00000","0","0.00000","0","0.00000"
"2022-07-05","Sudan","2","2","100.00000","1","50.00000","1","50.00000"
"2022-07-04","Sudan","2","0","0.00000","0","0.00000","0","0.00000"
"2022-07-03","Sudan","1","1","100.00000","0","0.00000","0","0.00000"
"2022-07-01","Sudan","1","1","100.00000","0","0.00000","0","0.00000"
"2022-06-27","Sudan","1","1","100.00000","0","0.00000","0","0.00000"
"2022-06-19","Sudan","1","1","100.00000","0","0.00000","0","0.00000"
"2022-06-18","Sudan","2","0","0.00000","0","0.00000","0","0.00000"
"2022-06-17","Sudan","1","1","100.00000","0","0.00000","0","0.00000"
"2022-06-12","Sudan","1","1","100.00000","1","100.00000","0","0.00000"
"2022-06-11","Sudan","1","0","0.00000","0","0.00000","0","0.00000"
"2022-06-06","Sudan","1","0","0.00000","0","0.00000","0","0.00000"
"2022-05-04","Sudan","2","0","0.00000","0","0.00000","0","0.00000"
"2022-04-26","Sudan","1","0","0.00000","0","0.00000","0","0.00000"
"2022-04-23","Sudan","2","2","100.00000","0","0.00000","0","0.00000"
"2022-04-16","Sudan","1","1","100.00000","0","0.00000","0","0.00000"
"2022-04-15","Sudan","1","0","0.00000","0","0.00000","0","0.00000"
"2022-04-13","Sudan","1","0","0.00000","0","0.00000","0","0.00000"
"2022-04-12","Sudan","1","0","0.00000","0","0.00000","0","0.00000"
"2022-04-09","Sudan","1","0","0.00000","0","0.00000","0","0.00000"
"2022-04-06","Sudan","1","0","0.00000","0","0.00000","0","0.00000"
"2022-04-03","Sudan","1","0","0.00000","0","0.00000","0","0.00000"
"2022-03-23","Sudan","1","0","0.00000","0","0.00000","0","0.00000"
"2022-03-13","Sudan","1","0","0.00000","0","0.00000","0","0.00000"
"2022-03-01","Sudan","1","0","0.00000","0","0.00000","0","0.00000"
"2022-02-27","Sudan","1","0","0.00000","0","0.00000","0","0.00000"
"2022-02-21","Sudan","1","1","100.00000","0","0.00000","0","0.00000"
"2022-02-18","Sudan","1","0","0.00000","0","0.00000","0","0.00000"
"2022-02-17","Sudan","2","0","0.00000","0","0.00000","0","0.00000"
"2022-02-14","Sudan","2","1","50.00000","0","0.00000","0","0.00000"
"2022-02-10","Sudan","2","1","50.00000","1","50.00000","0","0.00000"
"2022-02-07","Sudan","1","0","0.00000","0","0.00000","0","0.00000"
"2022-02-06","Sudan","1","1","100.00000","0","0.00000","0","0.00000"
"2022-02-03","Sudan","1","1","100.00000","0","0.00000","0","0.00000"
"2022-02-01","Sudan","1","0","0.00000","0","0.00000","0","0.00000"
"2022-01-26","Sudan","1","1","100.00000","0","0.00000","0","0.00000"
"2022-01-23","Sudan","1","0","0.00000","0","0.00000","0","0.00000"
"2022-01-22","Sudan","2","1","50.00000","0","0.00000","0","0.00000"
"2022-01-11","Sudan","1","0","0.00000","0","0.00000","0","0.00000"
"2022-01-10","Sudan","1","0","0.00000","0","0.00000","0","0.00000"
"2022-01-09","Sudan","1","0","0.00000","0","0.00000","0","0.00000"
"2022-01-08","Sudan","1","0","0.00000","0","0.00000","0","0.00000"
"2022-01-07","Sudan","1","0","0.00000","0","0.00000","0","0.00000"
"2022-01-05","Sudan","1","0","0.00000","0","0.00000","0","0.00000"
"2022-01-03","Sudan","1","1","100.00000","0","0.00000","0","0.00000"
"2022-01-02","Sudan","1","0","0.00000","0","0.00000","0","0.00000"
"2022-01-01","Sudan","1","1","100.00000","0","0.00000","0","0.00000"
"2023-02-14","Tanzania","1","0","0.00000","0","0.00000","0","0.00000"
"2022-12-31","Tanzania","1","0","0.00000","0","0.00000","0","0.00000"
"2022-12-21","Tanzania","1","1","100.00000","0","0.00000","0","0.00000"
"2022-12-16","Tanzania","1","0","0.00000","0","0.00000","0","0.00000"
"2022-12-08","Tanzania","1","0","0.00000","0","0.00000","0","0.00000"
"2022-12-06","Tanzania","1","1","100.00000","1","100.00000","0","0.00000"
"2022-12-03","Tanzania","2","2","100.00000","1","50.00000","0","0.00000"
"2022-11-27","Tanzania","1","1","100.00000","0","0.00000","0","0.00000"
"2022-11-25","Tanzania","1","1","100.00000","1","100.00000","0","0.00000"
"2022-11-24","Tanzania","1","0","0.00000","0","0.00000","0","0.00000"
"2022-11-22","Tanzania","2","1","50.00000","0","0.00000","0","0.00000"
"2022-11-19","Tanzania","1","0","0.00000","0","0.00000","0","0.00000"
"2022-11-18","Tanzania","2","2","100.00000","0","0.00000","0","0.00000"
"2022-11-07","Tanzania","1","0","0.00000","0","0.00000","0","0.00000"
"2022-11-01","Tanzania","1","0","0.00000","0","0.00000","0","0.00000"
"2022-10-27","Tanzania","2","0","0.00000","0","0.00000","0","0.00000"
"2022-10-22","Tanzania","1","1","100.00000","0","0.00000","0","0.00000"
"2022-10-17","Tanzania","1","1","100.00000","0","0.00000","0","0.00000"
"2022-10-16","Tanzania","1","1","100.00000","0","0.00000","0","0.00000"
"2022-10-15","Tanzania","4","3","75.00000","2","50.00000","0","0.00000"
"2022-10-13","Tanzania","1","1","100.00000","0","0.00000","0","0.00000"
"2022-10-09","Tanzania","1","1","100.00000","0","0.00000","0","0.00000"
"2022-10-06","Tanzania","2","2","100.00000","0","0.00000","0","0.00000"
"2022-10-01","Tanzania","2","2","100.00000","0","0.00000","0","0.00000"
"2022-09-30","Tanzania","1","0","0.00000","0","0.00000","0","0.00000"
"2022-09-28","Tanzania","3","2","66.66667","0","0.00000","0","0.00000"
"2022-09-27","Tanzania","1","0","0.00000","0","0.00000","0","0.00000"
"2022-09-25","Tanzania","1","1","100.00000","0","0.00000","0","0.00000"
"2022-09-24","Tanzania","3","1","33.33333","1","33.33333","1","33.33333"
"2022-09-19","Tanzania","1","1","100.00000","0","0.00000","0","0.00000"
"2022-09-17","Tanzania","1","1","100.00000","1","100.00000","0","0.00000"
"2022-09-15","Tanzania","2","0","0.00000","0","0.00000","0","0.00000"
"2022-09-12","Tanzania","1","1","100.00000","1","100.00000","1","100.00000"
"2022-09-11","Tanzania","1","1","100.00000","0","0.00000","0","0.00000"
"2022-09-10","Tanzania","1","1","100.00000","1","100.00000","0","0.00000"
"2022-09-09","Tanzania","1","0","0.00000","0","0.00000","0","0.00000"
"2022-08-27","Tanzania","1","1","100.00000","0","0.00000","0","0.00000"
"2022-08-24","Tanzania","1","0","0.00000","0","0.00000","0","0.00000"
"2022-08-23","Tanzania","1","1","100.00000","0","0.00000","0","0.00000"
"2022-08-18","Tanzania","1","0","0.00000","0","0.00000","0","0.00000"
"2022-08-17","Tanzania","1","1","100.00000","0","0.00000","0","0.00000"
"2022-08-16","Tanzania","1","1","100.00000","1","100.00000","0","0.00000"
"2022-08-12","Tanzania","1","1","100.00000","0","0.00000","0","0.00000"
"2022-08-08","Tanzania","1","1","100.00000","1","100.00000","0","0.00000"
"2022-08-03","Tanzania","1","0","0.00000","0","0.00000","0","0.00000"
"2022-08-02","Tanzania","1","1","100.00000","1","100.00000","0","0.00000"
"2022-08-01","Tanzania","1","1","100.00000","1","100.00000","0","0.00000"
"2022-07-31","Tanzania","1","1","100.00000","1","100.00000","0","0.00000"
"2022-07-27","Tanzania","1","1","100.00000","0","0.00000","0","0.00000"
"2022-07-21","Tanzania","1","1","100.00000","1","100.00000","0","0.00000"
"2022-07-18","Tanzania","2","0","0.00000","0","0.00000","0","0.00000"
"2022-07-17","Tanzania","1","0","0.00000","0","0.00000","0","0.00000"
"2022-07-13","Tanzania","1","1","100.00000","1","100.00000","0","0.00000"
"2022-07-09","Tanzania","2","1","50.00000","1","50.00000","0","0.00000"
"2022-07-08","Tanzania","1","0","0.00000","0","0.00000","0","0.00000"
"2022-07-06","Tanzania","1","0","0.00000","0","0.00000","0","0.00000"
"2022-07-04","Tanzania","1","1","100.00000","0","0.00000","0","0.00000"
"2022-06-30","Tanzania","2","2","100.00000","1","50.00000","1","50.00000"
"2022-06-26","Tanzania","1","1","100.00000","0","0.00000","0","0.00000"
"2022-06-25","Tanzania","1","1","100.00000","0","0.00000","0","0.00000"
"2022-06-24","Tanzania","1","0","0.00000","0","0.00000","0","0.00000"
"2022-06-17","Tanzania","2","1","50.00000","1","50.00000","0","0.00000"
"2022-06-16","Tanzania","1","0","0.00000","0","0.00000","0","0.00000"
"2022-06-12","Tanzania","2","2","100.00000","1","50.00000","0","0.00000"
"2022-06-11","Tanzania","2","0","0.00000","0","0.00000","0","0.00000"
"2022-06-10","Tanzania","1","1","100.00000","0","0.00000","0","0.00000"
"2022-06-09","Tanzania","1","1","100.00000","1","100.00000","0","0.00000"
"2022-06-08","Tanzania","1","1","100.00000","0","0.00000","0","0.00000"
"2022-06-06","Tanzania","2","1","50.00000","0","0.00000","0","0.00000"
"2022-05-15","Tanzania","1","0","0.00000","0","0.00000","0","0.00000"
"2022-05-02","Tanzania","1","0","0.00000","0","0.00000","0","0.00000"
"2022-04-10","Tanzania","1","0","0.00000","0","0.00000","0","0.00000"
"2022-04-04","Tanzania","1","0","0.00000","0","0.00000","0","0.00000"
"2022-03-28","Tanzania","2","1","50.00000","0","0.00000","0","0.00000"
"2022-03-26","Tanzania","1","0","0.00000","0","0.00000","0","0.00000"
"2022-03-23","Tanzania","1","0","0.00000","0","0.00000","0","0.00000"
"2022-03-13","Tanzania","1","0","0.00000","0","0.00000","0","0.00000"
"2022-03-08","Tanzania","1","0","0.00000","0","0.00000","0","0.00000"
"2022-02-28","Tanzania","1","1","100.00000","1","100.00000","1","100.00000"
"2022-02-27","Tanzania","1","1","100.00000","0","0.00000","0","0.00000"
"2022-02-22","Tanzania","1","0","0.00000","0","0.00000","0","0.00000"
"2022-02-17","Tanzania","1","0","0.00000","0","0.00000","0","0.00000"
"2022-02-06","Tanzania","1","0","0.00000","0","0.00000","0","0.00000"
"2022-02-05","Tanzania","1","0","0.00000","0","0.00000","0","0.00000"
"2022-02-02","Tanzania","1","0","0.00000","0","0.00000","0","0.00000"
"2022-01-31","Tanzania","1","1","100.00000","1","100.00000","0","0.00000"
"2022-01-30","Tanzania","1","0","0.00000","0","0.00000","0","0.00000"
"2022-01-26","Tanzania","2","0","0.00000","0","0.00000","0","0.00000"
"2022-01-25","Tanzania","1","0","0.00000","0","0.00000","0","0.00000"
"2022-01-22","Tanzania","1","0","0.00000","0","0.00000","0","0.00000"
"2022-01-16","Tanzania","1","0","0.00000","0","0.00000","0","0.00000"
"2022-01-15","Tanzania","1","0","0.00000","0","0.00000","0","0.00000"
"2022-01-08","Tanzania","1","1","100.00000","0","0.00000","0","0.00000"
"2022-01-03","Tanzania","1","1","100.00000","0","0.00000","0","0.00000"
"2022-01-02","Tanzania","1","1","100.00000","0","0.00000","0","0.00000"
