"Dia","Pais","DAU"
"2022-01-03","Botswana","1"
"2022-01-04","Botswana","2"
"2022-01-05","Botswana","3"
"2022-01-06","Botswana","1"
"2022-01-07","Botswana","2"
"2022-01-08","Botswana","1"
"2022-01-09","Botswana","1"
"2022-01-10","Botswana","1"
"2022-01-11","Botswana","1"
"2022-01-12","Botswana","1"
"2022-01-13","Botswana","1"
"2022-01-14","Botswana","3"
"2022-01-15","Botswana","1"
"2022-01-21","Botswana","2"
"2022-01-22","Botswana","1"
"2022-01-23","Botswana","1"
"2022-01-24","Botswana","1"
"2022-01-25","Botswana","2"
"2022-01-26","Botswana","2"
"2022-01-27","Botswana","1"
"2022-01-28","Botswana","2"
"2022-01-29","Botswana","1"
"2022-01-30","Botswana","1"
"2022-01-31","Botswana","1"
"2022-02-01","Botswana","1"
"2022-02-02","Botswana","1"
"2022-02-11","Botswana","1"
"2022-02-12","Botswana","2"
"2022-02-13","Botswana","2"
"2022-02-14","Botswana","1"
"2022-02-15","Botswana","2"
"2022-02-16","Botswana","1"
"2022-02-17","Botswana","1"
"2022-02-18","Botswana","1"
"2022-02-19","Botswana","1"
"2022-02-20","Botswana","1"
"2022-02-23","Botswana","1"
"2022-02-24","Botswana","1"
"2022-02-26","Botswana","1"
"2022-02-28","Botswana","1"
"2022-03-01","Botswana","1"
"2022-03-02","Botswana","1"
"2022-03-05","Botswana","1"
"2022-03-06","Botswana","1"
"2022-03-11","Botswana","1"
"2022-03-12","Botswana","2"
"2022-03-13","Botswana","1"
"2022-03-23","Botswana","1"
"2022-03-24","Botswana","1"
"2022-03-25","Botswana","1"
"2022-03-26","Botswana","2"
"2022-03-27","Botswana","2"
"2022-03-29","Botswana","1"
"2022-03-30","Botswana","1"
"2022-04-02","Botswana","1"
"2022-04-03","Botswana","1"
"2022-04-04","Botswana","1"
"2022-04-08","Botswana","1"
"2022-04-15","Botswana","1"
"2022-04-20","Botswana","1"
"2022-04-29","Botswana","1"
"2022-05-04","Botswana","1"
"2022-05-05","Botswana","1"
"2022-05-07","Botswana","1"
"2022-05-15","Botswana","1"
"2022-05-25","Botswana","1"
"2022-05-30","Botswana","1"
"2022-05-31","Botswana","2"
"2022-06-03","Botswana","2"
"2022-06-04","Botswana","1"
"2022-06-05","Botswana","1"
"2022-06-06","Botswana","1"
"2022-06-07","Botswana","2"
"2022-06-08","Botswana","2"
"2022-06-09","Botswana","1"
"2022-06-11","Botswana","1"
"2022-06-12","Botswana","4"
"2022-06-13","Botswana","1"
"2022-06-14","Botswana","2"
"2022-06-15","Botswana","2"
"2022-06-16","Botswana","2"
"2022-06-17","Botswana","4"
"2022-06-18","Botswana","2"
"2022-06-20","Botswana","2"
"2022-06-21","Botswana","2"
"2022-06-22","Botswana","1"
"2022-06-23","Botswana","1"
"2022-06-24","Botswana","2"
"2022-06-25","Botswana","2"
"2022-06-26","Botswana","3"
"2022-06-27","Botswana","1"
"2022-06-28","Botswana","2"
"2022-06-29","Botswana","2"
"2022-07-03","Botswana","2"
"2022-07-04","Botswana","3"
"2022-07-05","Botswana","2"
"2022-07-06","Botswana","5"
"2022-07-07","Botswana","2"
"2022-07-08","Botswana","2"
"2022-07-09","Botswana","4"
"2022-07-10","Botswana","4"
"2022-07-11","Botswana","3"
"2022-07-14","Botswana","1"
"2022-07-15","Botswana","2"
"2022-07-16","Botswana","1"
"2022-07-17","Botswana","1"
"2022-07-18","Botswana","2"
"2022-07-19","Botswana","1"
"2022-07-22","Botswana","1"
"2022-07-23","Botswana","1"
"2022-07-24","Botswana","1"
"2022-07-26","Botswana","1"
"2022-07-27","Botswana","1"
"2022-07-28","Botswana","1"
"2022-07-29","Botswana","2"
"2022-07-30","Botswana","3"
"2022-07-31","Botswana","7"
"2022-08-01","Botswana","5"
"2022-08-02","Botswana","6"
"2022-08-03","Botswana","3"
"2022-08-04","Botswana","2"
"2022-08-05","Botswana","1"
"2022-08-06","Botswana","1"
"2022-08-08","Botswana","1"
"2022-08-09","Botswana","1"
"2022-08-10","Botswana","1"
"2022-08-11","Botswana","1"
"2022-08-12","Botswana","1"
"2022-08-13","Botswana","1"
"2022-08-16","Botswana","2"
"2022-08-17","Botswana","3"
"2022-08-18","Botswana","2"
"2022-08-19","Botswana","2"
"2022-08-20","Botswana","1"
"2022-08-21","Botswana","1"
"2022-08-22","Botswana","1"
"2022-08-23","Botswana","1"
"2022-08-24","Botswana","2"
"2022-08-25","Botswana","2"
"2022-08-26","Botswana","2"
"2022-08-27","Botswana","3"
"2022-08-28","Botswana","3"
"2022-08-29","Botswana","4"
"2022-08-30","Botswana","3"
"2022-08-31","Botswana","2"
"2022-09-01","Botswana","2"
"2022-09-02","Botswana","2"
"2022-09-03","Botswana","2"
"2022-09-04","Botswana","2"
"2022-09-05","Botswana","2"
"2022-09-06","Botswana","1"
"2022-09-08","Botswana","1"
"2022-09-09","Botswana","2"
"2022-09-10","Botswana","2"
"2022-09-11","Botswana","2"
"2022-09-12","Botswana","1"
"2022-09-13","Botswana","1"
"2022-09-15","Botswana","1"
"2022-09-16","Botswana","2"
"2022-09-17","Botswana","1"
"2022-09-19","Botswana","1"
"2022-09-21","Botswana","2"
"2022-09-22","Botswana","2"
"2022-09-23","Botswana","2"
"2022-09-24","Botswana","1"
"2022-09-25","Botswana","2"
"2022-09-26","Botswana","1"
"2022-09-27","Botswana","4"
"2022-09-28","Botswana","4"
"2022-09-29","Botswana","2"
"2022-09-30","Botswana","2"
"2022-10-01","Botswana","4"
"2022-10-02","Botswana","5"
"2022-10-03","Botswana","5"
"2022-10-04","Botswana","4"
"2022-10-05","Botswana","2"
"2022-10-06","Botswana","2"
"2022-10-07","Botswana","1"
"2022-10-08","Botswana","2"
"2022-10-09","Botswana","3"
"2022-10-10","Botswana","2"
"2022-10-11","Botswana","1"
"2022-10-12","Botswana","2"
"2022-10-13","Botswana","1"
"2022-10-14","Botswana","2"
"2022-10-15","Botswana","3"
"2022-10-16","Botswana","2"
"2022-10-17","Botswana","2"
"2022-10-18","Botswana","3"
"2022-10-19","Botswana","1"
"2022-10-21","Botswana","1"
"2022-10-22","Botswana","1"
"2022-10-26","Botswana","1"
"2022-10-27","Botswana","2"
"2022-10-28","Botswana","3"
"2022-10-29","Botswana","2"
"2022-10-30","Botswana","2"
"2022-10-31","Botswana","2"
"2022-11-01","Botswana","2"
"2022-11-02","Botswana","2"
"2022-11-03","Botswana","3"
"2022-11-04","Botswana","2"
"2022-11-05","Botswana","1"
"2022-11-06","Botswana","2"
"2022-11-07","Botswana","3"
"2022-11-08","Botswana","6"
"2022-11-09","Botswana","5"
"2022-11-10","Botswana","5"
"2022-11-11","Botswana","6"
"2022-11-12","Botswana","4"
"2022-11-13","Botswana","2"
"2022-11-14","Botswana","2"
"2022-11-15","Botswana","1"
"2022-11-16","Botswana","1"
"2022-11-17","Botswana","1"
"2022-11-18","Botswana","3"
"2022-11-23","Botswana","1"
"2022-11-24","Botswana","1"
"2022-11-25","Botswana","1"
"2022-11-27","Botswana","1"
"2022-11-28","Botswana","2"
"2022-11-29","Botswana","1"
"2022-12-03","Botswana","1"
"2022-12-04","Botswana","1"
"2022-12-06","Botswana","1"
"2022-12-07","Botswana","1"
"2022-12-08","Botswana","1"
"2022-12-10","Botswana","1"
"2022-12-11","Botswana","2"
"2022-12-12","Botswana","1"
"2022-12-13","Botswana","2"
"2022-12-14","Botswana","1"
"2022-12-15","Botswana","2"
"2022-12-19","Botswana","1"
"2022-12-26","Botswana","1"
"2022-12-27","Botswana","1"
"2022-01-03","Korea_North","1"
"2022-01-04","Korea_North","1"
"2022-01-05","Korea_North","1"
"2022-01-10","Korea_North","1"
"2022-01-11","Korea_North","2"
"2022-01-12","Korea_North","2"
"2022-01-13","Korea_North","1"
"2022-01-15","Korea_North","2"
"2022-01-16","Korea_North","1"
"2022-01-17","Korea_North","1"
"2022-01-18","Korea_North","1"
"2022-01-19","Korea_North","1"
"2022-01-20","Korea_North","1"
"2022-01-21","Korea_North","1"
"2022-01-22","Korea_North","1"
"2022-01-25","Korea_North","2"
"2022-01-29","Korea_North","2"
"2022-02-03","Korea_North","1"
"2022-02-07","Korea_North","2"
"2022-02-08","Korea_North","2"
"2022-02-10","Korea_North","1"
"2022-02-17","Korea_North","2"
"2022-02-22","Korea_North","1"
"2022-02-23","Korea_North","1"
"2022-02-24","Korea_North","1"
"2022-02-27","Korea_North","1"
"2022-02-28","Korea_North","1"
"2022-03-01","Korea_North","1"
"2022-03-10","Korea_North","1"
"2022-03-13","Korea_North","2"
"2022-03-15","Korea_North","2"
"2022-03-16","Korea_North","1"
"2022-03-20","Korea_North","1"
"2022-03-21","Korea_North","1"
"2022-03-23","Korea_North","2"
"2022-03-24","Korea_North","1"
"2022-03-26","Korea_North","2"
"2022-04-02","Korea_North","1"
"2022-04-04","Korea_North","1"
"2022-04-07","Korea_North","1"
"2022-04-11","Korea_North","1"
"2022-04-12","Korea_North","1"
"2022-04-14","Korea_North","1"
"2022-04-15","Korea_North","1"
"2022-04-18","Korea_North","1"
"2022-04-19","Korea_North","1"
"2022-04-20","Korea_North","1"
"2022-04-21","Korea_North","2"
"2022-04-22","Korea_North","1"
"2022-04-23","Korea_North","1"
"2022-04-29","Korea_North","1"
"2022-04-30","Korea_North","2"
"2022-05-01","Korea_North","1"
"2022-05-02","Korea_North","1"
"2022-05-04","Korea_North","1"
"2022-05-06","Korea_North","1"
"2022-05-07","Korea_North","2"
"2022-05-14","Korea_North","1"
"2022-05-15","Korea_North","2"
"2022-05-18","Korea_North","1"
"2022-06-06","Korea_North","1"
"2022-06-07","Korea_North","3"
"2022-06-08","Korea_North","2"
"2022-06-09","Korea_North","2"
"2022-06-10","Korea_North","1"
"2022-06-11","Korea_North","2"
"2022-06-12","Korea_North","1"
"2022-06-13","Korea_North","1"
"2022-06-14","Korea_North","1"
"2022-06-15","Korea_North","1"
"2022-06-16","Korea_North","2"
"2022-06-17","Korea_North","2"
"2022-06-18","Korea_North","1"
"2022-06-19","Korea_North","2"
"2022-06-20","Korea_North","2"
"2022-06-21","Korea_North","3"
"2022-06-22","Korea_North","4"
"2022-06-23","Korea_North","3"
"2022-06-24","Korea_North","6"
"2022-06-25","Korea_North","3"
"2022-06-26","Korea_North","2"
"2022-06-27","Korea_North","1"
"2022-06-28","Korea_North","1"
"2022-07-01","Korea_North","1"
"2022-07-02","Korea_North","2"
"2022-07-04","Korea_North","1"
"2022-07-05","Korea_North","2"
"2022-07-11","Korea_North","1"
"2022-07-12","Korea_North","1"
"2022-07-15","Korea_North","1"
"2022-07-16","Korea_North","1"
"2022-07-17","Korea_North","1"
"2022-07-18","Korea_North","1"
"2022-07-19","Korea_North","1"
"2022-07-20","Korea_North","1"
"2022-07-21","Korea_North","2"
"2022-07-22","Korea_North","2"
"2022-07-23","Korea_North","2"
"2022-07-24","Korea_North","2"
"2022-07-25","Korea_North","2"
"2022-07-26","Korea_North","1"
"2022-07-27","Korea_North","1"
"2022-07-28","Korea_North","1"
"2022-07-29","Korea_North","2"
"2022-07-30","Korea_North","3"
"2022-07-31","Korea_North","2"
"2022-08-01","Korea_North","2"
"2022-08-02","Korea_North","1"
"2022-08-03","Korea_North","1"
"2022-08-04","Korea_North","2"
"2022-08-05","Korea_North","3"
"2022-08-06","Korea_North","4"
"2022-08-07","Korea_North","5"
"2022-08-08","Korea_North","4"
"2022-08-09","Korea_North","2"
"2022-08-10","Korea_North","1"
"2022-08-11","Korea_North","2"
"2022-08-12","Korea_North","1"
"2022-08-13","Korea_North","1"
"2022-08-14","Korea_North","2"
"2022-08-15","Korea_North","4"
"2022-08-16","Korea_North","1"
"2022-08-18","Korea_North","1"
"2022-08-19","Korea_North","1"
"2022-08-20","Korea_North","1"
"2022-08-21","Korea_North","2"
"2022-08-22","Korea_North","1"
"2022-08-23","Korea_North","2"
"2022-08-24","Korea_North","1"
"2022-08-25","Korea_North","1"
"2022-08-26","Korea_North","1"
"2022-08-27","Korea_North","1"
"2022-08-28","Korea_North","3"
"2022-08-29","Korea_North","2"
"2022-08-30","Korea_North","1"
"2022-08-31","Korea_North","1"
"2022-09-04","Korea_North","1"
"2022-09-06","Korea_North","2"
"2022-09-07","Korea_North","1"
"2022-09-08","Korea_North","2"
"2022-09-09","Korea_North","2"
"2022-09-10","Korea_North","2"
"2022-09-11","Korea_North","3"
"2022-09-12","Korea_North","2"
"2022-09-13","Korea_North","2"
"2022-09-14","Korea_North","2"
"2022-09-15","Korea_North","4"
"2022-09-16","Korea_North","3"
"2022-09-17","Korea_North","2"
"2022-09-18","Korea_North","1"
"2022-09-19","Korea_North","1"
"2022-09-22","Korea_North","2"
"2022-09-23","Korea_North","2"
"2022-09-24","Korea_North","1"
"2022-09-25","Korea_North","1"
"2022-09-26","Korea_North","1"
"2022-09-27","Korea_North","1"
"2022-09-28","Korea_North","2"
"2022-09-29","Korea_North","2"
"2022-09-30","Korea_North","3"
"2022-10-01","Korea_North","2"
"2022-10-02","Korea_North","2"
"2022-10-03","Korea_North","2"
"2022-10-04","Korea_North","1"
"2022-10-05","Korea_North","1"
"2022-10-06","Korea_North","2"
"2022-10-07","Korea_North","1"
"2022-10-08","Korea_North","1"
"2022-10-11","Korea_North","2"
"2022-10-12","Korea_North","2"
"2022-10-13","Korea_North","2"
"2022-10-14","Korea_North","2"
"2022-10-15","Korea_North","2"
"2022-10-16","Korea_North","3"
"2022-10-17","Korea_North","3"
"2022-10-18","Korea_North","1"
"2022-10-22","Korea_North","1"
"2022-10-23","Korea_North","1"
"2022-10-24","Korea_North","5"
"2022-10-25","Korea_North","2"
"2022-10-26","Korea_North","1"
"2022-10-27","Korea_North","2"
"2022-10-28","Korea_North","4"
"2022-10-29","Korea_North","1"
"2022-10-31","Korea_North","1"
"2022-11-01","Korea_North","2"
"2022-11-02","Korea_North","3"
"2022-11-03","Korea_North","4"
"2022-11-04","Korea_North","3"
"2022-11-05","Korea_North","1"
"2022-11-06","Korea_North","1"
"2022-11-07","Korea_North","2"
"2022-11-08","Korea_North","1"
"2022-11-09","Korea_North","3"
"2022-11-10","Korea_North","2"
"2022-11-11","Korea_North","1"
"2022-11-12","Korea_North","1"
"2022-11-13","Korea_North","3"
"2022-11-14","Korea_North","2"
"2022-11-15","Korea_North","3"
"2022-11-16","Korea_North","4"
"2022-11-17","Korea_North","4"
"2022-11-18","Korea_North","4"
"2022-11-19","Korea_North","3"
"2022-11-20","Korea_North","4"
"2022-11-21","Korea_North","3"
"2022-11-22","Korea_North","2"
"2022-11-23","Korea_North","1"
"2022-11-24","Korea_North","3"
"2022-11-25","Korea_North","3"
"2022-11-26","Korea_North","1"
"2022-11-28","Korea_North","1"
"2022-11-29","Korea_North","1"
"2022-12-01","Korea_North","1"
"2022-12-02","Korea_North","1"
"2022-12-03","Korea_North","3"
"2022-12-04","Korea_North","1"
"2022-12-13","Korea_North","2"
"2022-12-14","Korea_North","1"
"2022-12-15","Korea_North","1"
"2022-12-17","Korea_North","1"
"2022-12-18","Korea_North","1"
"2022-12-19","Korea_North","1"
"2022-12-24","Korea_North","1"
"2022-12-25","Korea_North","1"
"2022-12-26","Korea_North","1"
"2022-12-27","Korea_North","1"
"2022-12-28","Korea_North","2"
"2022-12-29","Korea_North","3"
"2022-12-30","Korea_North","1"
"2022-12-31","Korea_North","1"
"2022-01-01","Poland","1"
"2022-01-02","Poland","1"
"2022-01-03","Poland","1"
"2022-01-04","Poland","1"
"2022-01-05","Poland","1"
"2022-01-06","Poland","1"
"2022-01-07","Poland","1"
"2022-01-09","Poland","1"
"2022-01-10","Poland","1"
"2022-01-22","Poland","1"
"2022-01-24","Poland","1"
"2022-01-26","Poland","2"
"2022-01-27","Poland","1"
"2022-01-28","Poland","2"
"2022-01-29","Poland","1"
"2022-02-02","Poland","1"
"2022-02-03","Poland","1"
"2022-02-04","Poland","1"
"2022-02-05","Poland","2"
"2022-02-06","Poland","1"
"2022-02-07","Poland","4"
"2022-02-08","Poland","2"
"2022-02-09","Poland","1"
"2022-02-10","Poland","2"
"2022-02-11","Poland","1"
"2022-02-12","Poland","1"
"2022-02-13","Poland","1"
"2022-02-15","Poland","1"
"2022-02-17","Poland","1"
"2022-02-18","Poland","1"
"2022-02-20","Poland","1"
"2022-02-21","Poland","1"
"2022-02-22","Poland","1"
"2022-02-26","Poland","1"
"2022-02-27","Poland","1"
"2022-02-28","Poland","1"
"2022-03-03","Poland","1"
"2022-03-04","Poland","2"
"2022-03-07","Poland","2"
"2022-03-13","Poland","3"
"2022-03-18","Poland","3"
"2022-03-19","Poland","1"
"2022-03-23","Poland","2"
"2022-03-26","Poland","1"
"2022-04-01","Poland","2"
"2022-04-04","Poland","1"
"2022-04-06","Poland","1"
"2022-04-07","Poland","1"
"2022-04-08","Poland","1"
"2022-04-17","Poland","1"
"2022-04-18","Poland","1"
"2022-04-26","Poland","2"
"2022-05-03","Poland","1"
"2022-05-04","Poland","1"
"2022-05-06","Poland","1"
"2022-05-07","Poland","1"
"2022-05-08","Poland","2"
"2022-05-10","Poland","1"
"2022-05-18","Poland","1"
"2022-05-19","Poland","2"
"2022-06-01","Poland","3"
"2022-06-02","Poland","3"
"2022-06-03","Poland","1"
"2022-06-04","Poland","2"
"2022-06-05","Poland","2"
"2022-06-06","Poland","2"
"2022-06-07","Poland","2"
"2022-06-11","Poland","3"
"2022-06-12","Poland","1"
"2022-06-15","Poland","3"
"2022-06-16","Poland","3"
"2022-06-17","Poland","2"
"2022-06-18","Poland","1"
"2022-06-19","Poland","1"
"2022-06-20","Poland","2"
"2022-06-21","Poland","2"
"2022-06-22","Poland","3"
"2022-06-23","Poland","3"
"2022-06-24","Poland","5"
"2022-06-25","Poland","3"
"2022-06-26","Poland","2"
"2022-06-27","Poland","1"
"2022-06-29","Poland","1"
"2022-06-30","Poland","2"
"2022-07-01","Poland","4"
"2022-07-02","Poland","2"
"2022-07-03","Poland","2"
"2022-07-04","Poland","3"
"2022-07-05","Poland","2"
"2022-07-06","Poland","3"
"2022-07-07","Poland","2"
"2022-07-08","Poland","4"
"2022-07-09","Poland","3"
"2022-07-10","Poland","1"
"2022-07-11","Poland","1"
"2022-07-12","Poland","1"
"2022-07-13","Poland","1"
"2022-07-14","Poland","1"
"2022-07-15","Poland","1"
"2022-07-16","Poland","3"
"2022-07-17","Poland","2"
"2022-07-18","Poland","2"
"2022-07-19","Poland","2"
"2022-07-20","Poland","1"
"2022-07-21","Poland","1"
"2022-07-22","Poland","2"
"2022-07-23","Poland","1"
"2022-07-24","Poland","2"
"2022-07-25","Poland","3"
"2022-07-26","Poland","3"
"2022-07-27","Poland","2"
"2022-07-28","Poland","2"
"2022-07-29","Poland","2"
"2022-07-30","Poland","4"
"2022-07-31","Poland","4"
"2022-08-01","Poland","4"
"2022-08-02","Poland","4"
"2022-08-03","Poland","5"
"2022-08-04","Poland","7"
"2022-08-05","Poland","1"
"2022-08-07","Poland","1"
"2022-08-09","Poland","1"
"2022-08-10","Poland","1"
"2022-08-11","Poland","5"
"2022-08-12","Poland","4"
"2022-08-13","Poland","6"
"2022-08-14","Poland","4"
"2022-08-15","Poland","2"
"2022-08-16","Poland","3"
"2022-08-17","Poland","3"
"2022-08-18","Poland","3"
"2022-08-19","Poland","3"
"2022-08-20","Poland","3"
"2022-08-21","Poland","4"
"2022-08-22","Poland","3"
"2022-08-23","Poland","3"
"2022-08-24","Poland","3"
"2022-08-25","Poland","4"
"2022-08-26","Poland","4"
"2022-08-27","Poland","3"
"2022-08-28","Poland","1"
"2022-08-29","Poland","2"
"2022-08-30","Poland","1"
"2022-08-31","Poland","3"
"2022-09-01","Poland","4"
"2022-09-02","Poland","3"
"2022-09-03","Poland","3"
"2022-09-04","Poland","3"
"2022-09-05","Poland","4"
"2022-09-06","Poland","2"
"2022-09-08","Poland","1"
"2022-09-09","Poland","1"
"2022-09-10","Poland","1"
"2022-09-11","Poland","1"
"2022-09-16","Poland","1"
"2022-09-17","Poland","3"
"2022-09-18","Poland","1"
"2022-09-19","Poland","2"
"2022-09-20","Poland","2"
"2022-09-21","Poland","3"
"2022-09-22","Poland","3"
"2022-09-23","Poland","3"
"2022-09-24","Poland","1"
"2022-09-25","Poland","1"
"2022-09-26","Poland","3"
"2022-09-27","Poland","4"
"2022-09-28","Poland","3"
"2022-09-29","Poland","2"
"2022-09-30","Poland","3"
"2022-10-01","Poland","2"
"2022-10-02","Poland","3"
"2022-10-03","Poland","3"
"2022-10-04","Poland","1"
"2022-10-05","Poland","2"
"2022-10-06","Poland","2"
"2022-10-07","Poland","3"
"2022-10-08","Poland","3"
"2022-10-09","Poland","1"
"2022-10-10","Poland","1"
"2022-10-11","Poland","1"
"2022-10-12","Poland","1"
"2022-10-14","Poland","1"
"2022-10-15","Poland","1"
"2022-10-16","Poland","1"
"2022-10-17","Poland","1"
"2022-10-18","Poland","2"
"2022-10-19","Poland","3"
"2022-10-20","Poland","4"
"2022-10-21","Poland","3"
"2022-10-22","Poland","2"
"2022-10-23","Poland","2"
"2022-10-24","Poland","2"
"2022-10-25","Poland","2"
"2022-10-26","Poland","2"
"2022-10-27","Poland","2"
"2022-10-28","Poland","2"
"2022-10-29","Poland","2"
"2022-10-30","Poland","2"
"2022-10-31","Poland","2"
"2022-11-01","Poland","2"
"2022-11-02","Poland","3"
"2022-11-03","Poland","3"
"2022-11-04","Poland","2"
"2022-11-05","Poland","1"
"2022-11-06","Poland","3"
"2022-11-07","Poland","4"
"2022-11-08","Poland","3"
"2022-11-09","Poland","2"
"2022-11-10","Poland","2"
"2022-11-11","Poland","2"
"2022-11-12","Poland","3"
"2022-11-13","Poland","1"
"2022-11-14","Poland","4"
"2022-11-15","Poland","2"
"2022-11-16","Poland","2"
"2022-11-17","Poland","3"
"2022-11-18","Poland","4"
"2022-11-19","Poland","5"
"2022-11-20","Poland","5"
"2022-11-21","Poland","5"
"2022-11-22","Poland","4"
"2022-11-23","Poland","2"
"2022-11-24","Poland","4"
"2022-11-25","Poland","6"
"2022-11-26","Poland","4"
"2022-11-27","Poland","4"
"2022-11-28","Poland","2"
"2022-11-29","Poland","3"
"2022-11-30","Poland","1"
"2022-12-01","Poland","1"
"2022-12-03","Poland","1"
"2022-12-04","Poland","3"
"2022-12-05","Poland","2"
"2022-12-06","Poland","2"
"2022-12-07","Poland","2"
"2022-12-08","Poland","2"
"2022-12-09","Poland","2"
"2022-12-10","Poland","2"
"2022-12-11","Poland","2"
"2022-12-12","Poland","1"
"2022-12-13","Poland","2"
"2022-12-14","Poland","2"
"2022-12-15","Poland","1"
"2022-12-16","Poland","1"
"2022-12-17","Poland","2"
"2022-12-18","Poland","1"
"2022-12-19","Poland","2"
"2022-12-20","Poland","4"
"2022-12-21","Poland","4"
"2022-12-22","Poland","1"
"2022-12-26","Poland","1"
"2022-12-27","Poland","2"
"2022-12-28","Poland","2"
"2022-12-29","Poland","1"
"2022-12-31","Poland","4"
"2022-01-01","San_Marino","1"
"2022-01-02","San_Marino","1"
"2022-01-03","San_Marino","1"
"2022-01-04","San_Marino","1"
"2022-01-05","San_Marino","1"
"2022-01-06","San_Marino","1"
"2022-01-07","San_Marino","1"
"2022-01-08","San_Marino","2"
"2022-01-09","San_Marino","1"
"2022-01-14","San_Marino","1"
"2022-01-15","San_Marino","1"
"2022-01-30","San_Marino","1"
"2022-02-02","San_Marino","1"
"2022-02-03","San_Marino","1"
"2022-02-06","San_Marino","1"
"2022-02-15","San_Marino","1"
"2022-02-16","San_Marino","2"
"2022-02-17","San_Marino","1"
"2022-02-22","San_Marino","1"
"2022-02-23","San_Marino","1"
"2022-02-24","San_Marino","1"
"2022-02-25","San_Marino","1"
"2022-02-26","San_Marino","2"
"2022-02-27","San_Marino","2"
"2022-02-28","San_Marino","1"
"2022-03-01","San_Marino","1"
"2022-03-02","San_Marino","1"
"2022-03-03","San_Marino","1"
"2022-03-04","San_Marino","1"
"2022-03-08","San_Marino","2"
"2022-03-14","San_Marino","1"
"2022-03-15","San_Marino","3"
"2022-03-16","San_Marino","1"
"2022-03-17","San_Marino","1"
"2022-03-21","San_Marino","1"
"2022-03-23","San_Marino","1"
"2022-03-26","San_Marino","1"
"2022-03-28","San_Marino","1"
"2022-03-29","San_Marino","1"
"2022-03-30","San_Marino","1"
"2022-04-11","San_Marino","2"
"2022-04-12","San_Marino","1"
"2022-04-14","San_Marino","1"
"2022-04-20","San_Marino","1"
"2022-04-30","San_Marino","1"
"2022-05-06","San_Marino","1"
"2022-05-08","San_Marino","1"
"2022-05-09","San_Marino","1"
"2022-05-12","San_Marino","1"
"2022-05-13","San_Marino","1"
"2022-05-15","San_Marino","1"
"2022-05-20","San_Marino","1"
"2022-05-26","San_Marino","1"
"2022-05-27","San_Marino","1"
"2022-05-29","San_Marino","1"
"2022-06-04","San_Marino","2"
"2022-06-05","San_Marino","1"
"2022-06-06","San_Marino","1"
"2022-06-07","San_Marino","2"
"2022-06-08","San_Marino","2"
"2022-06-09","San_Marino","1"
"2022-06-10","San_Marino","1"
"2022-06-11","San_Marino","1"
"2022-06-12","San_Marino","2"
"2022-06-13","San_Marino","1"
"2022-06-14","San_Marino","1"
"2022-06-16","San_Marino","1"
"2022-06-17","San_Marino","1"
"2022-06-18","San_Marino","1"
"2022-06-19","San_Marino","1"
"2022-06-20","San_Marino","1"
"2022-06-21","San_Marino","1"
"2022-06-23","San_Marino","1"
"2022-06-24","San_Marino","1"
"2022-06-25","San_Marino","1"
"2022-06-26","San_Marino","1"
"2022-06-27","San_Marino","1"
"2022-06-28","San_Marino","2"
"2022-06-29","San_Marino","3"
"2022-06-30","San_Marino","3"
"2022-07-01","San_Marino","1"
"2022-07-02","San_Marino","2"
"2022-07-03","San_Marino","1"
"2022-07-07","San_Marino","2"
"2022-07-08","San_Marino","2"
"2022-07-09","San_Marino","2"
"2022-07-10","San_Marino","2"
"2022-07-11","San_Marino","1"
"2022-07-12","San_Marino","3"
"2022-07-13","San_Marino","4"
"2022-07-14","San_Marino","2"
"2022-07-15","San_Marino","3"
"2022-07-16","San_Marino","3"
"2022-07-17","San_Marino","2"
"2022-07-18","San_Marino","1"
"2022-07-19","San_Marino","2"
"2022-07-20","San_Marino","2"
"2022-07-21","San_Marino","1"
"2022-07-22","San_Marino","1"
"2022-07-23","San_Marino","1"
"2022-07-24","San_Marino","2"
"2022-07-25","San_Marino","2"
"2022-07-26","San_Marino","1"
"2022-07-28","San_Marino","5"
"2022-07-29","San_Marino","3"
"2022-07-30","San_Marino","4"
"2022-07-31","San_Marino","2"
"2022-08-01","San_Marino","2"
"2022-08-02","San_Marino","1"
"2022-08-03","San_Marino","3"
"2022-08-04","San_Marino","3"
"2022-08-05","San_Marino","3"
"2022-08-06","San_Marino","3"
"2022-08-07","San_Marino","2"
"2022-08-08","San_Marino","2"
"2022-08-09","San_Marino","3"
"2022-08-10","San_Marino","1"
"2022-08-11","San_Marino","1"
"2022-08-12","San_Marino","2"
"2022-08-13","San_Marino","2"
"2022-08-14","San_Marino","3"
"2022-08-15","San_Marino","2"
"2022-08-16","San_Marino","3"
"2022-08-17","San_Marino","3"
"2022-08-18","San_Marino","2"
"2022-08-19","San_Marino","1"
"2022-08-20","San_Marino","1"
"2022-08-21","San_Marino","1"
"2022-08-22","San_Marino","4"
"2022-08-23","San_Marino","2"
"2022-08-24","San_Marino","7"
"2022-08-25","San_Marino","5"
"2022-08-26","San_Marino","4"
"2022-08-27","San_Marino","3"
"2022-08-28","San_Marino","1"
"2022-08-29","San_Marino","1"
"2022-08-30","San_Marino","2"
"2022-08-31","San_Marino","5"
"2022-09-01","San_Marino","2"
"2022-09-02","San_Marino","3"
"2022-09-04","San_Marino","1"
"2022-09-05","San_Marino","1"
"2022-09-06","San_Marino","1"
"2022-09-07","San_Marino","1"
"2022-09-08","San_Marino","2"
"2022-09-09","San_Marino","1"
"2022-09-10","San_Marino","1"
"2022-09-11","San_Marino","1"
"2022-09-12","San_Marino","1"
"2022-09-13","San_Marino","2"
"2022-09-14","San_Marino","2"
"2022-09-15","San_Marino","4"
"2022-09-16","San_Marino","2"
"2022-09-17","San_Marino","1"
"2022-09-18","San_Marino","1"
"2022-09-19","San_Marino","1"
"2022-09-20","San_Marino","1"
"2022-09-21","San_Marino","1"
"2022-09-23","San_Marino","1"
"2022-09-24","San_Marino","2"
"2022-09-25","San_Marino","4"
"2022-09-26","San_Marino","4"
"2022-09-27","San_Marino","4"
"2022-09-28","San_Marino","3"
"2022-09-29","San_Marino","2"
"2022-09-30","San_Marino","4"
"2022-10-01","San_Marino","2"
"2022-10-02","San_Marino","1"
"2022-10-03","San_Marino","2"
"2022-10-04","San_Marino","3"
"2022-10-05","San_Marino","4"
"2022-10-06","San_Marino","4"
"2022-10-07","San_Marino","3"
"2022-10-08","San_Marino","4"
"2022-10-09","San_Marino","3"
"2022-10-10","San_Marino","2"
"2022-10-11","San_Marino","3"
"2022-10-12","San_Marino","2"
"2022-10-13","San_Marino","2"
"2022-10-14","San_Marino","2"
"2022-10-15","San_Marino","2"
"2022-10-17","San_Marino","1"
"2022-10-18","San_Marino","3"
"2022-10-19","San_Marino","3"
"2022-10-20","San_Marino","3"
"2022-10-21","San_Marino","4"
"2022-10-22","San_Marino","2"
"2022-10-23","San_Marino","3"
"2022-10-24","San_Marino","3"
"2022-10-25","San_Marino","1"
"2022-10-26","San_Marino","2"
"2022-10-27","San_Marino","2"
"2022-10-28","San_Marino","2"
"2022-10-29","San_Marino","2"
"2022-10-30","San_Marino","1"
"2022-11-02","San_Marino","1"
"2022-11-03","San_Marino","1"
"2022-11-04","San_Marino","1"
"2022-11-05","San_Marino","1"
"2022-11-06","San_Marino","2"
"2022-11-07","San_Marino","1"
"2022-11-08","San_Marino","1"
"2022-11-09","San_Marino","1"
"2022-11-10","San_Marino","3"
"2022-11-11","San_Marino","2"
"2022-11-12","San_Marino","1"
"2022-11-13","San_Marino","1"
"2022-11-15","San_Marino","2"
"2022-11-16","San_Marino","2"
"2022-11-17","San_Marino","1"
"2022-11-18","San_Marino","1"
"2022-11-19","San_Marino","2"
"2022-11-20","San_Marino","2"
"2022-11-21","San_Marino","2"
"2022-11-30","San_Marino","1"
"2022-12-01","San_Marino","1"
"2022-12-02","San_Marino","2"
"2022-12-03","San_Marino","5"
"2022-12-04","San_Marino","3"
"2022-12-05","San_Marino","2"
"2022-12-07","San_Marino","1"
"2022-12-08","San_Marino","1"
"2022-12-09","San_Marino","1"
"2022-12-10","San_Marino","1"
"2022-12-11","San_Marino","1"
"2022-12-12","San_Marino","1"
"2022-12-13","San_Marino","2"
"2022-12-14","San_Marino","1"
"2022-12-15","San_Marino","2"
"2022-12-16","San_Marino","4"
"2022-12-17","San_Marino","4"
"2022-12-18","San_Marino","1"
"2022-12-19","San_Marino","1"
"2022-12-20","San_Marino","1"
"2022-12-21","San_Marino","1"
"2022-12-22","San_Marino","1"
"2022-12-24","San_Marino","1"
"2022-12-25","San_Marino","2"
"2022-12-26","San_Marino","4"
"2022-12-27","San_Marino","3"
"2022-12-28","San_Marino","2"
"2022-12-29","San_Marino","1"
"2022-12-31","San_Marino","1"
"2022-01-03","Slovakia","1"
"2022-01-04","Slovakia","2"
"2022-01-05","Slovakia","4"
"2022-01-06","Slovakia","1"
"2022-01-08","Slovakia","1"
"2022-01-09","Slovakia","1"
"2022-01-11","Slovakia","2"
"2022-01-12","Slovakia","4"
"2022-01-13","Slovakia","2"
"2022-01-18","Slovakia","1"
"2022-01-20","Slovakia","1"
"2022-01-22","Slovakia","1"
"2022-01-23","Slovakia","1"
"2022-01-24","Slovakia","1"
"2022-01-25","Slovakia","1"
"2022-01-27","Slovakia","1"
"2022-01-28","Slovakia","1"
"2022-01-29","Slovakia","1"
"2022-01-30","Slovakia","1"
"2022-01-31","Slovakia","1"
"2022-02-02","Slovakia","2"
"2022-02-03","Slovakia","1"
"2022-02-04","Slovakia","1"
"2022-02-06","Slovakia","1"
"2022-02-07","Slovakia","1"
"2022-02-15","Slovakia","1"
"2022-02-22","Slovakia","1"
"2022-02-23","Slovakia","1"
"2022-02-24","Slovakia","2"
"2022-02-25","Slovakia","1"
"2022-02-27","Slovakia","1"
"2022-02-28","Slovakia","1"
"2022-03-01","Slovakia","1"
"2022-03-06","Slovakia","2"
"2022-03-07","Slovakia","1"
"2022-03-10","Slovakia","1"
"2022-03-13","Slovakia","2"
"2022-03-20","Slovakia","1"
"2022-03-21","Slovakia","1"
"2022-03-22","Slovakia","1"
"2022-03-23","Slovakia","1"
"2022-03-26","Slovakia","1"
"2022-03-28","Slovakia","1"
"2022-04-07","Slovakia","2"
"2022-04-09","Slovakia","2"
"2022-04-10","Slovakia","1"
"2022-04-11","Slovakia","1"
"2022-04-14","Slovakia","1"
"2022-04-15","Slovakia","1"
"2022-04-16","Slovakia","1"
"2022-04-17","Slovakia","1"
"2022-04-18","Slovakia","1"
"2022-04-24","Slovakia","1"
"2022-04-26","Slovakia","2"
"2022-04-27","Slovakia","1"
"2022-04-29","Slovakia","1"
"2022-04-30","Slovakia","1"
"2022-05-07","Slovakia","1"
"2022-05-12","Slovakia","1"
"2022-05-18","Slovakia","1"
"2022-05-19","Slovakia","1"
"2022-05-21","Slovakia","1"
"2022-05-22","Slovakia","1"
"2022-05-23","Slovakia","1"
"2022-05-24","Slovakia","1"
"2022-05-31","Slovakia","1"
"2022-06-01","Slovakia","1"
"2022-06-04","Slovakia","1"
"2022-06-05","Slovakia","1"
"2022-06-06","Slovakia","2"
"2022-06-07","Slovakia","1"
"2022-06-12","Slovakia","1"
"2022-06-14","Slovakia","1"
"2022-06-15","Slovakia","1"
"2022-06-16","Slovakia","1"
"2022-06-17","Slovakia","5"
"2022-06-18","Slovakia","3"
"2022-06-19","Slovakia","4"
"2022-06-20","Slovakia","3"
"2022-06-21","Slovakia","2"
"2022-06-22","Slovakia","2"
"2022-06-23","Slovakia","2"
"2022-06-24","Slovakia","2"
"2022-06-25","Slovakia","1"
"2022-06-26","Slovakia","3"
"2022-06-27","Slovakia","2"
"2022-06-28","Slovakia","1"
"2022-06-29","Slovakia","1"
"2022-06-30","Slovakia","1"
"2022-07-01","Slovakia","4"
"2022-07-02","Slovakia","5"
"2022-07-03","Slovakia","4"
"2022-07-04","Slovakia","3"
"2022-07-05","Slovakia","2"
"2022-07-06","Slovakia","3"
"2022-07-07","Slovakia","2"
"2022-07-08","Slovakia","5"
"2022-07-09","Slovakia","5"
"2022-07-10","Slovakia","3"
"2022-07-11","Slovakia","4"
"2022-07-12","Slovakia","3"
"2022-07-13","Slovakia","2"
"2022-07-14","Slovakia","5"
"2022-07-15","Slovakia","5"
"2022-07-16","Slovakia","5"
"2022-07-17","Slovakia","4"
"2022-07-18","Slovakia","3"
"2022-07-19","Slovakia","2"
"2022-07-20","Slovakia","3"
"2022-07-21","Slovakia","4"
"2022-07-22","Slovakia","3"
"2022-07-23","Slovakia","3"
"2022-07-24","Slovakia","4"
"2022-07-25","Slovakia","5"
"2022-07-26","Slovakia","7"
"2022-07-27","Slovakia","7"
"2022-07-28","Slovakia","8"
"2022-07-29","Slovakia","3"
"2022-07-30","Slovakia","4"
"2022-07-31","Slovakia","3"
"2022-08-01","Slovakia","4"
"2022-08-02","Slovakia","6"
"2022-08-03","Slovakia","4"
"2022-08-04","Slovakia","5"
"2022-08-05","Slovakia","3"
"2022-08-06","Slovakia","3"
"2022-08-07","Slovakia","6"
"2022-08-08","Slovakia","4"
"2022-08-09","Slovakia","8"
"2022-08-10","Slovakia","4"
"2022-08-11","Slovakia","5"
"2022-08-12","Slovakia","4"
"2022-08-13","Slovakia","4"
"2022-08-14","Slovakia","3"
"2022-08-15","Slovakia","2"
"2022-08-16","Slovakia","5"
"2022-08-17","Slovakia","5"
"2022-08-18","Slovakia","5"
"2022-08-19","Slovakia","5"
"2022-08-20","Slovakia","6"
"2022-08-21","Slovakia","6"
"2022-08-22","Slovakia","6"
"2022-08-23","Slovakia","4"
"2022-08-24","Slovakia","6"
"2022-08-25","Slovakia","6"
"2022-08-26","Slovakia","7"
"2022-08-27","Slovakia","7"
"2022-08-28","Slovakia","7"
"2022-08-29","Slovakia","5"
"2022-08-30","Slovakia","4"
"2022-08-31","Slovakia","4"
"2022-09-01","Slovakia","2"
"2022-09-02","Slovakia","4"
"2022-09-03","Slovakia","3"
"2022-09-04","Slovakia","4"
"2022-09-05","Slovakia","3"
"2022-09-06","Slovakia","2"
"2022-09-07","Slovakia","3"
"2022-09-08","Slovakia","2"
"2022-09-09","Slovakia","3"
"2022-09-10","Slovakia","3"
"2022-09-11","Slovakia","4"
"2022-09-12","Slovakia","5"
"2022-09-13","Slovakia","3"
"2022-09-14","Slovakia","4"
"2022-09-15","Slovakia","3"
"2022-09-16","Slovakia","2"
"2022-09-17","Slovakia","2"
"2022-09-18","Slovakia","2"
"2022-09-19","Slovakia","1"
"2022-09-20","Slovakia","3"
"2022-09-21","Slovakia","2"
"2022-09-22","Slovakia","1"
"2022-09-23","Slovakia","1"
"2022-09-24","Slovakia","3"
"2022-09-25","Slovakia","3"
"2022-09-26","Slovakia","6"
"2022-09-27","Slovakia","6"
"2022-09-28","Slovakia","2"
"2022-09-29","Slovakia","3"
"2022-09-30","Slovakia","2"
"2022-10-01","Slovakia","2"
"2022-10-02","Slovakia","3"
"2022-10-03","Slovakia","1"
"2022-10-04","Slovakia","2"
"2022-10-05","Slovakia","1"
"2022-10-06","Slovakia","2"
"2022-10-07","Slovakia","1"
"2022-10-08","Slovakia","1"
"2022-10-09","Slovakia","2"
"2022-10-10","Slovakia","3"
"2022-10-11","Slovakia","4"
"2022-10-12","Slovakia","6"
"2022-10-13","Slovakia","5"
"2022-10-14","Slovakia","4"
"2022-10-15","Slovakia","1"
"2022-10-16","Slovakia","1"
"2022-10-17","Slovakia","3"
"2022-10-18","Slovakia","2"
"2022-10-19","Slovakia","2"
"2022-10-20","Slovakia","1"
"2022-10-21","Slovakia","3"
"2022-10-22","Slovakia","2"
"2022-10-24","Slovakia","1"
"2022-10-25","Slovakia","2"
"2022-10-27","Slovakia","2"
"2022-10-28","Slovakia","3"
"2022-10-29","Slovakia","3"
"2022-10-31","Slovakia","2"
"2022-11-01","Slovakia","2"
"2022-11-02","Slovakia","3"
"2022-11-03","Slovakia","3"
"2022-11-04","Slovakia","3"
"2022-11-05","Slovakia","1"
"2022-11-06","Slovakia","1"
"2022-11-07","Slovakia","2"
"2022-11-08","Slovakia","2"
"2022-11-09","Slovakia","4"
"2022-11-10","Slovakia","2"
"2022-11-11","Slovakia","2"
"2022-11-12","Slovakia","2"
"2022-11-13","Slovakia","1"
"2022-11-14","Slovakia","1"
"2022-11-16","Slovakia","1"
"2022-11-17","Slovakia","2"
"2022-11-18","Slovakia","5"
"2022-11-19","Slovakia","4"
"2022-11-20","Slovakia","4"
"2022-11-21","Slovakia","1"
"2022-11-22","Slovakia","4"
"2022-11-23","Slovakia","4"
"2022-11-24","Slovakia","2"
"2022-11-25","Slovakia","2"
"2022-12-01","Slovakia","1"
"2022-12-04","Slovakia","1"
"2022-12-05","Slovakia","1"
"2022-12-06","Slovakia","1"
"2022-12-07","Slovakia","4"
"2022-12-08","Slovakia","4"
"2022-12-09","Slovakia","4"
"2022-12-10","Slovakia","2"
"2022-12-11","Slovakia","1"
"2022-12-14","Slovakia","1"
"2022-12-15","Slovakia","4"
"2022-12-16","Slovakia","5"
"2022-12-17","Slovakia","2"
"2022-12-18","Slovakia","2"
"2022-12-19","Slovakia","2"
"2022-12-22","Slovakia","1"
"2022-12-23","Slovakia","3"
"2022-12-24","Slovakia","3"
"2022-12-25","Slovakia","3"
"2022-12-26","Slovakia","2"
"2022-12-27","Slovakia","3"
"2022-12-28","Slovakia","1"
"2022-12-29","Slovakia","3"
"2022-12-30","Slovakia","4"
"2022-12-31","Slovakia","8"
"2022-01-04","Slovenia","1"
"2022-01-07","Slovenia","2"
"2022-01-08","Slovenia","1"
"2022-01-10","Slovenia","1"
"2022-01-11","Slovenia","2"
"2022-01-12","Slovenia","2"
"2022-01-13","Slovenia","1"
"2022-01-18","Slovenia","4"
"2022-01-19","Slovenia","1"
"2022-01-23","Slovenia","2"
"2022-01-26","Slovenia","1"
"2022-01-29","Slovenia","1"
"2022-01-30","Slovenia","1"
"2022-01-31","Slovenia","1"
"2022-02-01","Slovenia","1"
"2022-02-02","Slovenia","2"
"2022-02-03","Slovenia","3"
"2022-02-04","Slovenia","1"
"2022-02-05","Slovenia","1"
"2022-02-06","Slovenia","1"
"2022-02-07","Slovenia","1"
"2022-02-08","Slovenia","1"
"2022-02-11","Slovenia","1"
"2022-02-12","Slovenia","1"
"2022-02-13","Slovenia","1"
"2022-02-14","Slovenia","2"
"2022-02-15","Slovenia","3"
"2022-02-16","Slovenia","2"
"2022-02-17","Slovenia","2"
"2022-02-18","Slovenia","1"
"2022-02-22","Slovenia","1"
"2022-02-23","Slovenia","1"
"2022-02-24","Slovenia","2"
"2022-02-25","Slovenia","1"
"2022-02-26","Slovenia","1"
"2022-03-02","Slovenia","1"
"2022-03-03","Slovenia","1"
"2022-03-04","Slovenia","1"
"2022-03-06","Slovenia","1"
"2022-03-13","Slovenia","2"
"2022-03-14","Slovenia","1"
"2022-03-21","Slovenia","1"
"2022-03-25","Slovenia","2"
"2022-03-26","Slovenia","2"
"2022-04-01","Slovenia","1"
"2022-04-02","Slovenia","1"
"2022-04-03","Slovenia","2"
"2022-04-04","Slovenia","3"
"2022-04-05","Slovenia","3"
"2022-04-21","Slovenia","1"
"2022-04-23","Slovenia","1"
"2022-04-26","Slovenia","1"
"2022-04-27","Slovenia","1"
"2022-04-28","Slovenia","1"
"2022-04-30","Slovenia","1"
"2022-05-01","Slovenia","1"
"2022-05-04","Slovenia","1"
"2022-05-05","Slovenia","1"
"2022-05-06","Slovenia","3"
"2022-05-07","Slovenia","4"
"2022-05-09","Slovenia","1"
"2022-05-11","Slovenia","1"
"2022-05-12","Slovenia","1"
"2022-05-20","Slovenia","1"
"2022-05-21","Slovenia","1"
"2022-05-22","Slovenia","1"
"2022-05-23","Slovenia","1"
"2022-05-24","Slovenia","1"
"2022-05-25","Slovenia","1"
"2022-05-28","Slovenia","1"
"2022-05-29","Slovenia","1"
"2022-05-30","Slovenia","1"
"2022-05-31","Slovenia","1"
"2022-06-01","Slovenia","1"
"2022-06-02","Slovenia","2"
"2022-06-03","Slovenia","2"
"2022-06-05","Slovenia","1"
"2022-06-06","Slovenia","2"
"2022-06-07","Slovenia","4"
"2022-06-08","Slovenia","1"
"2022-06-10","Slovenia","1"
"2022-06-11","Slovenia","4"
"2022-06-12","Slovenia","2"
"2022-06-13","Slovenia","3"
"2022-06-14","Slovenia","2"
"2022-06-15","Slovenia","1"
"2022-06-16","Slovenia","2"
"2022-06-17","Slovenia","6"
"2022-06-18","Slovenia","6"
"2022-06-19","Slovenia","3"
"2022-06-20","Slovenia","2"
"2022-06-21","Slovenia","1"
"2022-06-22","Slovenia","2"
"2022-06-23","Slovenia","4"
"2022-06-24","Slovenia","1"
"2022-06-25","Slovenia","2"
"2022-06-26","Slovenia","1"
"2022-06-27","Slovenia","1"
"2022-06-28","Slovenia","1"
"2022-06-29","Slovenia","2"
"2022-06-30","Slovenia","2"
"2022-07-01","Slovenia","1"
"2022-07-02","Slovenia","2"
"2022-07-03","Slovenia","1"
"2022-07-04","Slovenia","2"
"2022-07-05","Slovenia","1"
"2022-07-07","Slovenia","1"
"2022-07-08","Slovenia","1"
"2022-07-09","Slovenia","3"
"2022-07-10","Slovenia","1"
"2022-07-11","Slovenia","2"
"2022-07-12","Slovenia","5"
"2022-07-13","Slovenia","2"
"2022-07-14","Slovenia","4"
"2022-07-15","Slovenia","1"
"2022-07-16","Slovenia","1"
"2022-07-17","Slovenia","1"
"2022-07-18","Slovenia","1"
"2022-07-20","Slovenia","1"
"2022-07-21","Slovenia","1"
"2022-07-22","Slovenia","1"
"2022-07-23","Slovenia","1"
"2022-07-24","Slovenia","2"
"2022-07-25","Slovenia","2"
"2022-07-26","Slovenia","2"
"2022-07-27","Slovenia","2"
"2022-07-28","Slovenia","5"
"2022-07-29","Slovenia","3"
"2022-07-30","Slovenia","4"
"2022-07-31","Slovenia","3"
"2022-08-01","Slovenia","1"
"2022-08-02","Slovenia","2"
"2022-08-03","Slovenia","1"
"2022-08-04","Slovenia","4"
"2022-08-05","Slovenia","4"
"2022-08-06","Slovenia","4"
"2022-08-07","Slovenia","2"
"2022-08-08","Slovenia","2"
"2022-08-09","Slovenia","1"
"2022-08-12","Slovenia","1"
"2022-08-13","Slovenia","3"
"2022-08-14","Slovenia","4"
"2022-08-15","Slovenia","3"
"2022-08-16","Slovenia","1"
"2022-08-17","Slovenia","1"
"2022-08-18","Slovenia","2"
"2022-08-19","Slovenia","3"
"2022-08-20","Slovenia","6"
"2022-08-21","Slovenia","4"
"2022-08-22","Slovenia","4"
"2022-08-23","Slovenia","6"
"2022-08-24","Slovenia","3"
"2022-08-25","Slovenia","1"
"2022-08-26","Slovenia","2"
"2022-08-27","Slovenia","2"
"2022-08-28","Slovenia","3"
"2022-08-29","Slovenia","4"
"2022-08-30","Slovenia","2"
"2022-08-31","Slovenia","1"
"2022-09-01","Slovenia","1"
"2022-09-02","Slovenia","1"
"2022-09-03","Slovenia","2"
"2022-09-04","Slovenia","1"
"2022-09-14","Slovenia","1"
"2022-09-15","Slovenia","1"
"2022-09-16","Slovenia","1"
"2022-09-17","Slovenia","1"
"2022-09-18","Slovenia","1"
"2022-09-19","Slovenia","5"
"2022-09-20","Slovenia","1"
"2022-09-21","Slovenia","1"
"2022-09-22","Slovenia","2"
"2022-09-23","Slovenia","2"
"2022-09-24","Slovenia","3"
"2022-09-25","Slovenia","6"
"2022-09-26","Slovenia","5"
"2022-09-27","Slovenia","3"
"2022-09-28","Slovenia","6"
"2022-09-29","Slovenia","7"
"2022-09-30","Slovenia","7"
"2022-10-01","Slovenia","5"
"2022-10-02","Slovenia","3"
"2022-10-03","Slovenia","4"
"2022-10-04","Slovenia","1"
"2022-10-05","Slovenia","1"
"2022-10-06","Slovenia","1"
"2022-10-07","Slovenia","2"
"2022-10-08","Slovenia","4"
"2022-10-09","Slovenia","3"
"2022-10-10","Slovenia","4"
"2022-10-11","Slovenia","3"
"2022-10-12","Slovenia","3"
"2022-10-13","Slovenia","2"
"2022-10-14","Slovenia","2"
"2022-10-15","Slovenia","4"
"2022-10-16","Slovenia","2"
"2022-10-17","Slovenia","4"
"2022-10-18","Slovenia","3"
"2022-10-19","Slovenia","3"
"2022-10-20","Slovenia","1"
"2022-10-21","Slovenia","3"
"2022-10-22","Slovenia","3"
"2022-10-23","Slovenia","3"
"2022-10-24","Slovenia","4"
"2022-10-25","Slovenia","2"
"2022-10-26","Slovenia","2"
"2022-10-27","Slovenia","3"
"2022-10-28","Slovenia","3"
"2022-10-29","Slovenia","2"
"2022-10-30","Slovenia","2"
"2022-10-31","Slovenia","2"
"2022-11-01","Slovenia","3"
"2022-11-02","Slovenia","3"
"2022-11-03","Slovenia","3"
"2022-11-04","Slovenia","3"
"2022-11-05","Slovenia","1"
"2022-11-06","Slovenia","1"
"2022-11-07","Slovenia","1"
"2022-11-08","Slovenia","1"
"2022-11-09","Slovenia","2"
"2022-11-10","Slovenia","4"
"2022-11-11","Slovenia","3"
"2022-11-12","Slovenia","3"
"2022-11-13","Slovenia","2"
"2022-11-14","Slovenia","2"
"2022-11-15","Slovenia","1"
"2022-11-16","Slovenia","2"
"2022-11-17","Slovenia","1"
"2022-11-18","Slovenia","2"
"2022-11-19","Slovenia","4"
"2022-11-20","Slovenia","6"
"2022-11-21","Slovenia","8"
"2022-11-22","Slovenia","7"
"2022-11-23","Slovenia","6"
"2022-11-24","Slovenia","6"
"2022-11-25","Slovenia","3"
"2022-11-26","Slovenia","3"
"2022-11-27","Slovenia","2"
"2022-11-28","Slovenia","3"
"2022-11-29","Slovenia","3"
"2022-11-30","Slovenia","3"
"2022-12-01","Slovenia","3"
"2022-12-02","Slovenia","2"
"2022-12-03","Slovenia","1"
"2022-12-04","Slovenia","3"
"2022-12-05","Slovenia","3"
"2022-12-06","Slovenia","3"
"2022-12-07","Slovenia","4"
"2022-12-08","Slovenia","3"
"2022-12-09","Slovenia","1"
"2022-12-10","Slovenia","2"
"2022-12-11","Slovenia","2"
"2022-12-12","Slovenia","1"
"2022-12-13","Slovenia","1"
"2022-12-14","Slovenia","3"
"2022-12-15","Slovenia","3"
"2022-12-16","Slovenia","2"
"2022-12-17","Slovenia","3"
"2022-12-18","Slovenia","2"
"2022-12-19","Slovenia","3"
"2022-12-20","Slovenia","2"
"2022-12-21","Slovenia","3"
"2022-12-22","Slovenia","3"
"2022-12-23","Slovenia","3"
"2022-12-24","Slovenia","2"
"2022-12-25","Slovenia","3"
"2022-12-26","Slovenia","3"
"2022-12-27","Slovenia","1"
"2022-12-28","Slovenia","2"
"2022-12-29","Slovenia","2"
"2022-12-30","Slovenia","2"
"2022-12-31","Slovenia","1"
"2022-01-01","Sudan","1"
"2022-01-02","Sudan","2"
"2022-01-03","Sudan","1"
"2022-01-04","Sudan","1"
"2022-01-05","Sudan","1"
"2022-01-07","Sudan","1"
"2022-01-08","Sudan","1"
"2022-01-09","Sudan","1"
"2022-01-10","Sudan","1"
"2022-01-11","Sudan","1"
"2022-01-13","Sudan","1"
"2022-01-22","Sudan","2"
"2022-01-23","Sudan","2"
"2022-01-26","Sudan","1"
"2022-01-27","Sudan","1"
"2022-01-28","Sudan","1"
"2022-01-31","Sudan","1"
"2022-02-01","Sudan","1"
"2022-02-03","Sudan","1"
"2022-02-04","Sudan","1"
"2022-02-05","Sudan","1"
"2022-02-06","Sudan","1"
"2022-02-07","Sudan","2"
"2022-02-10","Sudan","2"
"2022-02-11","Sudan","1"
"2022-02-12","Sudan","1"
"2022-02-13","Sudan","1"
"2022-02-14","Sudan","3"
"2022-02-15","Sudan","1"
"2022-02-17","Sudan","2"
"2022-02-18","Sudan","1"
"2022-02-21","Sudan","1"
"2022-02-22","Sudan","1"
"2022-02-23","Sudan","1"
"2022-02-26","Sudan","1"
"2022-02-27","Sudan","1"
"2022-03-01","Sudan","1"
"2022-03-02","Sudan","1"
"2022-03-03","Sudan","1"
"2022-03-04","Sudan","1"
"2022-03-05","Sudan","1"
"2022-03-11","Sudan","1"
"2022-03-12","Sudan","1"
"2022-03-13","Sudan","1"
"2022-03-14","Sudan","1"
"2022-03-15","Sudan","1"
"2022-03-23","Sudan","1"
"2022-03-25","Sudan","1"
"2022-04-03","Sudan","1"
"2022-04-06","Sudan","1"
"2022-04-07","Sudan","1"
"2022-04-08","Sudan","1"
"2022-04-09","Sudan","1"
"2022-04-12","Sudan","1"
"2022-04-13","Sudan","1"
"2022-04-15","Sudan","1"
"2022-04-16","Sudan","1"
"2022-04-17","Sudan","1"
"2022-04-23","Sudan","2"
"2022-04-24","Sudan","2"
"2022-04-26","Sudan","1"
"2022-04-27","Sudan","1"
"2022-05-03","Sudan","2"
"2022-05-04","Sudan","3"
"2022-05-15","Sudan","1"
"2022-05-30","Sudan","1"
"2022-05-31","Sudan","1"
"2022-06-01","Sudan","2"
"2022-06-02","Sudan","2"
"2022-06-03","Sudan","2"
"2022-06-04","Sudan","1"
"2022-06-05","Sudan","1"
"2022-06-06","Sudan","2"
"2022-06-07","Sudan","2"
"2022-06-08","Sudan","2"
"2022-06-09","Sudan","3"
"2022-06-10","Sudan","2"
"2022-06-11","Sudan","3"
"2022-06-12","Sudan","1"
"2022-06-13","Sudan","1"
"2022-06-14","Sudan","1"
"2022-06-15","Sudan","1"
"2022-06-17","Sudan","2"
"2022-06-18","Sudan","5"
"2022-06-19","Sudan","3"
"2022-06-20","Sudan","2"
"2022-06-21","Sudan","2"
"2022-06-22","Sudan","2"
"2022-06-23","Sudan","2"
"2022-06-25","Sudan","1"
"2022-06-26","Sudan","1"
"2022-06-27","Sudan","2"
"2022-06-28","Sudan","2"
"2022-07-01","Sudan","1"
"2022-07-02","Sudan","2"
"2022-07-03","Sudan","2"
"2022-07-04","Sudan","4"
"2022-07-05","Sudan","2"
"2022-07-06","Sudan","4"
"2022-07-07","Sudan","3"
"2022-07-08","Sudan","3"
"2022-07-09","Sudan","4"
"2022-07-10","Sudan","2"
"2022-07-11","Sudan","3"
"2022-07-12","Sudan","4"
"2022-07-13","Sudan","4"
"2022-07-14","Sudan","5"
"2022-07-15","Sudan","4"
"2022-07-16","Sudan","2"
"2022-07-17","Sudan","2"
"2022-07-18","Sudan","3"
"2022-07-19","Sudan","3"
"2022-07-20","Sudan","3"
"2022-07-21","Sudan","2"
"2022-07-22","Sudan","1"
"2022-07-23","Sudan","1"
"2022-07-25","Sudan","2"
"2022-07-26","Sudan","3"
"2022-07-27","Sudan","2"
"2022-07-28","Sudan","3"
"2022-07-29","Sudan","4"
"2022-07-30","Sudan","6"
"2022-07-31","Sudan","5"
"2022-08-01","Sudan","2"
"2022-08-02","Sudan","3"
"2022-08-03","Sudan","3"
"2022-08-04","Sudan","3"
"2022-08-05","Sudan","1"
"2022-08-06","Sudan","2"
"2022-08-07","Sudan","2"
"2022-08-08","Sudan","2"
"2022-08-09","Sudan","4"
"2022-08-10","Sudan","3"
"2022-08-11","Sudan","2"
"2022-08-12","Sudan","1"
"2022-08-13","Sudan","2"
"2022-08-16","Sudan","1"
"2022-08-20","Sudan","2"
"2022-08-21","Sudan","3"
"2022-08-22","Sudan","4"
"2022-08-23","Sudan","3"
"2022-08-24","Sudan","2"
"2022-08-25","Sudan","4"
"2022-08-26","Sudan","2"
"2022-08-27","Sudan","3"
"2022-08-28","Sudan","1"
"2022-08-29","Sudan","2"
"2022-08-30","Sudan","1"
"2022-08-31","Sudan","1"
"2022-09-01","Sudan","1"
"2022-09-03","Sudan","3"
"2022-09-04","Sudan","3"
"2022-09-05","Sudan","3"
"2022-09-06","Sudan","5"
"2022-09-07","Sudan","8"
"2022-09-08","Sudan","9"
"2022-09-09","Sudan","6"
"2022-09-10","Sudan","3"
"2022-09-11","Sudan","1"
"2022-09-12","Sudan","1"
"2022-09-16","Sudan","3"
"2022-09-17","Sudan","3"
"2022-09-18","Sudan","1"
"2022-09-19","Sudan","4"
"2022-09-20","Sudan","2"
"2022-09-21","Sudan","2"
"2022-09-22","Sudan","3"
"2022-09-23","Sudan","1"
"2022-09-24","Sudan","3"
"2022-09-25","Sudan","3"
"2022-09-26","Sudan","1"
"2022-09-27","Sudan","2"
"2022-09-28","Sudan","1"
"2022-09-29","Sudan","1"
"2022-09-30","Sudan","3"
"2022-10-01","Sudan","3"
"2022-10-02","Sudan","2"
"2022-10-03","Sudan","1"
"2022-10-04","Sudan","1"
"2022-10-06","Sudan","1"
"2022-10-07","Sudan","2"
"2022-10-08","Sudan","3"
"2022-10-09","Sudan","4"
"2022-10-10","Sudan","2"
"2022-10-11","Sudan","1"
"2022-10-12","Sudan","2"
"2022-10-13","Sudan","3"
"2022-10-14","Sudan","3"
"2022-10-15","Sudan","4"
"2022-10-16","Sudan","3"
"2022-10-17","Sudan","1"
"2022-10-18","Sudan","2"
"2022-10-19","Sudan","2"
"2022-10-20","Sudan","2"
"2022-10-21","Sudan","3"
"2022-10-22","Sudan","1"
"2022-10-23","Sudan","1"
"2022-10-24","Sudan","1"
"2022-10-25","Sudan","1"
"2022-10-27","Sudan","1"
"2022-10-28","Sudan","2"
"2022-10-29","Sudan","3"
"2022-10-30","Sudan","2"
"2022-10-31","Sudan","2"
"2022-11-01","Sudan","3"
"2022-11-02","Sudan","4"
"2022-11-03","Sudan","4"
"2022-11-04","Sudan","3"
"2022-11-05","Sudan","4"
"2022-11-06","Sudan","3"
"2022-11-07","Sudan","3"
"2022-11-08","Sudan","1"
"2022-11-09","Sudan","1"
"2022-11-10","Sudan","1"
"2022-11-11","Sudan","1"
"2022-11-13","Sudan","1"
"2022-11-14","Sudan","1"
"2022-11-15","Sudan","5"
"2022-11-16","Sudan","4"
"2022-11-17","Sudan","2"
"2022-11-18","Sudan","2"
"2022-11-19","Sudan","1"
"2022-11-20","Sudan","1"
"2022-11-21","Sudan","1"
"2022-11-22","Sudan","1"
"2022-11-24","Sudan","1"
"2022-11-27","Sudan","1"
"2022-11-28","Sudan","2"
"2022-11-29","Sudan","2"
"2022-11-30","Sudan","2"
"2022-12-01","Sudan","4"
"2022-12-02","Sudan","5"
"2022-12-03","Sudan","4"
"2022-12-04","Sudan","3"
"2022-12-05","Sudan","3"
"2022-12-06","Sudan","3"
"2022-12-07","Sudan","3"
"2022-12-08","Sudan","1"
"2022-12-09","Sudan","5"
"2022-12-10","Sudan","3"
"2022-12-11","Sudan","1"
"2022-12-12","Sudan","4"
"2022-12-13","Sudan","5"
"2022-12-14","Sudan","3"
"2022-12-15","Sudan","3"
"2022-12-16","Sudan","3"
"2022-12-17","Sudan","2"
"2022-12-18","Sudan","1"
"2022-12-19","Sudan","2"
"2022-12-20","Sudan","1"
"2022-12-22","Sudan","1"
"2022-12-23","Sudan","1"
"2022-12-24","Sudan","2"
"2022-12-25","Sudan","2"
"2022-12-26","Sudan","2"
"2022-12-27","Sudan","3"
"2022-12-28","Sudan","3"
"2022-12-29","Sudan","4"
"2022-12-30","Sudan","2"
"2022-12-31","Sudan","2"
"2022-01-02","Tanzania","1"
"2022-01-03","Tanzania","2"
"2022-01-04","Tanzania","2"
"2022-01-08","Tanzania","1"
"2022-01-09","Tanzania","1"
"2022-01-15","Tanzania","1"
"2022-01-16","Tanzania","1"
"2022-01-22","Tanzania","1"
"2022-01-25","Tanzania","1"
"2022-01-26","Tanzania","2"
"2022-01-30","Tanzania","1"
"2022-01-31","Tanzania","1"
"2022-02-01","Tanzania","1"
"2022-02-02","Tanzania","2"
"2022-02-03","Tanzania","1"
"2022-02-05","Tanzania","1"
"2022-02-06","Tanzania","1"
"2022-02-17","Tanzania","1"
"2022-02-22","Tanzania","1"
"2022-02-27","Tanzania","1"
"2022-02-28","Tanzania","2"
"2022-03-01","Tanzania","1"
"2022-03-02","Tanzania","2"
"2022-03-03","Tanzania","2"
"2022-03-04","Tanzania","1"
"2022-03-05","Tanzania","1"
"2022-03-06","Tanzania","1"
"2022-03-07","Tanzania","1"
"2022-03-08","Tanzania","2"
"2022-03-09","Tanzania","1"
"2022-03-10","Tanzania","1"
"2022-03-11","Tanzania","1"
"2022-03-12","Tanzania","1"
"2022-03-13","Tanzania","2"
"2022-03-14","Tanzania","1"
"2022-03-15","Tanzania","1"
"2022-03-16","Tanzania","1"
"2022-03-17","Tanzania","2"
"2022-03-18","Tanzania","2"
"2022-03-19","Tanzania","1"
"2022-03-20","Tanzania","1"
"2022-03-21","Tanzania","1"
"2022-03-22","Tanzania","1"
"2022-03-23","Tanzania","2"
"2022-03-24","Tanzania","1"
"2022-03-25","Tanzania","1"
"2022-03-26","Tanzania","2"
"2022-03-27","Tanzania","1"
"2022-03-28","Tanzania","3"
"2022-03-29","Tanzania","2"
"2022-03-30","Tanzania","2"
"2022-03-31","Tanzania","2"
"2022-04-01","Tanzania","2"
"2022-04-02","Tanzania","1"
"2022-04-03","Tanzania","1"
"2022-04-04","Tanzania","2"
"2022-04-05","Tanzania","1"
"2022-04-06","Tanzania","2"
"2022-04-07","Tanzania","2"
"2022-04-08","Tanzania","3"
"2022-04-09","Tanzania","2"
"2022-04-10","Tanzania","2"
"2022-04-11","Tanzania","1"
"2022-04-12","Tanzania","1"
"2022-04-13","Tanzania","1"
"2022-04-14","Tanzania","1"
"2022-04-15","Tanzania","1"
"2022-04-16","Tanzania","1"
"2022-04-17","Tanzania","1"
"2022-04-18","Tanzania","1"
"2022-04-19","Tanzania","2"
"2022-04-20","Tanzania","1"
"2022-04-21","Tanzania","1"
"2022-04-22","Tanzania","1"
"2022-04-23","Tanzania","2"
"2022-04-24","Tanzania","1"
"2022-04-25","Tanzania","1"
"2022-04-26","Tanzania","1"
"2022-04-27","Tanzania","1"
"2022-04-28","Tanzania","1"
"2022-04-29","Tanzania","1"
"2022-04-30","Tanzania","1"
"2022-05-01","Tanzania","1"
"2022-05-02","Tanzania","2"
"2022-05-03","Tanzania","1"
"2022-05-04","Tanzania","2"
"2022-05-05","Tanzania","3"
"2022-05-06","Tanzania","2"
"2022-05-07","Tanzania","1"
"2022-05-08","Tanzania","1"
"2022-05-09","Tanzania","2"
"2022-05-10","Tanzania","2"
"2022-05-11","Tanzania","2"
"2022-05-12","Tanzania","1"
"2022-05-13","Tanzania","1"
"2022-05-14","Tanzania","1"
"2022-05-15","Tanzania","2"
"2022-05-16","Tanzania","1"
"2022-05-17","Tanzania","1"
"2022-05-18","Tanzania","1"
"2022-05-19","Tanzania","1"
"2022-05-20","Tanzania","1"
"2022-05-21","Tanzania","1"
"2022-05-22","Tanzania","1"
"2022-05-23","Tanzania","1"
"2022-05-24","Tanzania","1"
"2022-05-25","Tanzania","1"
"2022-05-26","Tanzania","1"
"2022-05-27","Tanzania","1"
"2022-05-28","Tanzania","1"
"2022-05-29","Tanzania","1"
"2022-05-30","Tanzania","1"
"2022-05-31","Tanzania","1"
"2022-06-01","Tanzania","1"
"2022-06-02","Tanzania","1"
"2022-06-03","Tanzania","1"
"2022-06-04","Tanzania","1"
"2022-06-05","Tanzania","1"
"2022-06-06","Tanzania","4"
"2022-06-07","Tanzania","3"
"2022-06-08","Tanzania","2"
"2022-06-09","Tanzania","3"
"2022-06-10","Tanzania","3"
"2022-06-11","Tanzania","5"
"2022-06-12","Tanzania","4"
"2022-06-13","Tanzania","3"
"2022-06-14","Tanzania","2"
"2022-06-15","Tanzania","1"
"2022-06-16","Tanzania","3"
"2022-06-17","Tanzania","4"
"2022-06-18","Tanzania","2"
"2022-06-19","Tanzania","3"
"2022-06-20","Tanzania","3"
"2022-06-21","Tanzania","3"
"2022-06-22","Tanzania","3"
"2022-06-23","Tanzania","2"
"2022-06-24","Tanzania","3"
"2022-06-25","Tanzania","3"
"2022-06-26","Tanzania","4"
"2022-06-27","Tanzania","2"
"2022-06-30","Tanzania","2"
"2022-07-01","Tanzania","2"
"2022-07-02","Tanzania","1"
"2022-07-03","Tanzania","1"
"2022-07-04","Tanzania","2"
"2022-07-05","Tanzania","2"
"2022-07-06","Tanzania","2"
"2022-07-07","Tanzania","1"
"2022-07-08","Tanzania","2"
"2022-07-09","Tanzania","3"
"2022-07-10","Tanzania","1"
"2022-07-11","Tanzania","1"
"2022-07-12","Tanzania","3"
"2022-07-13","Tanzania","2"
"2022-07-14","Tanzania","2"
"2022-07-15","Tanzania","1"
"2022-07-16","Tanzania","1"
"2022-07-17","Tanzania","2"
"2022-07-18","Tanzania","3"
"2022-07-21","Tanzania","1"
"2022-07-22","Tanzania","1"
"2022-07-23","Tanzania","1"
"2022-07-24","Tanzania","1"
"2022-07-26","Tanzania","1"
"2022-07-27","Tanzania","2"
"2022-07-28","Tanzania","2"
"2022-07-29","Tanzania","1"
"2022-07-30","Tanzania","1"
"2022-07-31","Tanzania","1"
"2022-08-01","Tanzania","2"
"2022-08-02","Tanzania","4"
"2022-08-03","Tanzania","5"
"2022-08-04","Tanzania","2"
"2022-08-05","Tanzania","1"
"2022-08-06","Tanzania","1"
"2022-08-07","Tanzania","1"
"2022-08-08","Tanzania","1"
"2022-08-09","Tanzania","2"
"2022-08-10","Tanzania","3"
"2022-08-11","Tanzania","2"
"2022-08-12","Tanzania","2"
"2022-08-13","Tanzania","2"
"2022-08-14","Tanzania","3"
"2022-08-15","Tanzania","1"
"2022-08-16","Tanzania","1"
"2022-08-17","Tanzania","2"
"2022-08-18","Tanzania","3"
"2022-08-19","Tanzania","2"
"2022-08-20","Tanzania","1"
"2022-08-21","Tanzania","2"
"2022-08-22","Tanzania","1"
"2022-08-23","Tanzania","3"
"2022-08-24","Tanzania","3"
"2022-08-25","Tanzania","2"
"2022-08-26","Tanzania","3"
"2022-08-27","Tanzania","4"
"2022-08-28","Tanzania","2"
"2022-08-29","Tanzania","2"
"2022-08-30","Tanzania","2"
"2022-08-31","Tanzania","2"
"2022-09-01","Tanzania","2"
"2022-09-02","Tanzania","2"
"2022-09-03","Tanzania","2"
"2022-09-04","Tanzania","1"
"2022-09-05","Tanzania","1"
"2022-09-06","Tanzania","1"
"2022-09-07","Tanzania","1"
"2022-09-09","Tanzania","1"
"2022-09-10","Tanzania","1"
"2022-09-11","Tanzania","2"
"2022-09-12","Tanzania","5"
"2022-09-13","Tanzania","4"
"2022-09-14","Tanzania","3"
"2022-09-15","Tanzania","3"
"2022-09-16","Tanzania","1"
"2022-09-17","Tanzania","2"
"2022-09-18","Tanzania","2"
"2022-09-19","Tanzania","4"
"2022-09-20","Tanzania","2"
"2022-09-21","Tanzania","1"
"2022-09-22","Tanzania","1"
"2022-09-23","Tanzania","1"
"2022-09-24","Tanzania","6"
"2022-09-25","Tanzania","5"
"2022-09-26","Tanzania","5"
"2022-09-27","Tanzania","4"
"2022-09-28","Tanzania","6"
"2022-09-29","Tanzania","5"
"2022-09-30","Tanzania","3"
"2022-10-01","Tanzania","4"
"2022-10-02","Tanzania","4"
"2022-10-03","Tanzania","1"
"2022-10-04","Tanzania","1"
"2022-10-05","Tanzania","1"
"2022-10-06","Tanzania","2"
"2022-10-07","Tanzania","3"
"2022-10-09","Tanzania","1"
"2022-10-10","Tanzania","1"
"2022-10-12","Tanzania","1"
"2022-10-13","Tanzania","1"
"2022-10-14","Tanzania","2"
"2022-10-15","Tanzania","5"
"2022-10-16","Tanzania","4"
"2022-10-17","Tanzania","4"
"2022-10-18","Tanzania","3"
"2022-10-19","Tanzania","2"
"2022-10-20","Tanzania","1"
"2022-10-22","Tanzania","1"
"2022-10-23","Tanzania","2"
"2022-10-24","Tanzania","1"
"2022-10-25","Tanzania","1"
"2022-10-27","Tanzania","2"
"2022-10-28","Tanzania","1"
"2022-10-29","Tanzania","1"
"2022-10-31","Tanzania","2"
"2022-11-01","Tanzania","1"
"2022-11-06","Tanzania","3"
"2022-11-07","Tanzania","4"
"2022-11-09","Tanzania","1"
"2022-11-10","Tanzania","1"
"2022-11-11","Tanzania","2"
"2022-11-12","Tanzania","1"
"2022-11-13","Tanzania","1"
"2022-11-14","Tanzania","2"
"2022-11-15","Tanzania","1"
"2022-11-16","Tanzania","1"
"2022-11-17","Tanzania","1"
"2022-11-18","Tanzania","2"
"2022-11-19","Tanzania","6"
"2022-11-20","Tanzania","2"
"2022-11-21","Tanzania","1"
"2022-11-22","Tanzania","3"
"2022-11-23","Tanzania","1"
"2022-11-24","Tanzania","1"
"2022-11-25","Tanzania","1"
"2022-11-26","Tanzania","3"
"2022-11-27","Tanzania","3"
"2022-11-28","Tanzania","3"
"2022-11-29","Tanzania","1"
"2022-11-30","Tanzania","1"
"2022-12-03","Tanzania","2"
"2022-12-04","Tanzania","3"
"2022-12-05","Tanzania","2"
"2022-12-06","Tanzania","2"
"2022-12-07","Tanzania","2"
"2022-12-08","Tanzania","3"
"2022-12-09","Tanzania","1"
"2022-12-10","Tanzania","1"
"2022-12-11","Tanzania","2"
"2022-12-12","Tanzania","1"
"2022-12-13","Tanzania","1"
"2022-12-16","Tanzania","1"
"2022-12-18","Tanzania","1"
"2022-12-21","Tanzania","1"
"2022-12-22","Tanzania","2"
"2022-12-23","Tanzania","2"
"2022-12-24","Tanzania","2"
"2022-12-25","Tanzania","2"
"2022-12-26","Tanzania","1"
"2022-12-31","Tanzania","2"
"2023-02-14","Tanzania","1"
